Timestamp,Occupancy,Capacity,QueueLength,TrafficConditionNearby,IsSpecialDay,VehicleType,Latitude,Longitude
2016-10-04 07:59:42,61,577,2,low,0,car,28.5,77.15
2016-10-04 08:25:42,64,577,2,average,0,car,28.5,77.15
2016-10-04 08:59:42,80,577,2,low,0,car,28.5,77.15
2016-10-04 09:32:46,107,577,3,low,0,car,28.5,77.15
2016-10-04 09:59:48,150,577,3,low,0,car,28.5,77.15
2016-10-04 10:26:49,177,577,4,low,0,car,28.5,77.15
2016-10-04 10:59:48,219,577,6,average,0,bike,28.5,77.15
2016-10-04 11:25:47,247,577,7,average,0,car,28.5,77.15
2016-10-04 11:59:44,259,577,6,average,0,car,28.5,77.15
2016-10-04 12:29:45,266,577,10,high,0,bike,28.5,77.15
2016-10-04 13:02:48,269,577,9,high,0,car,28.5,77.15
2016-10-04 13:29:45,263,577,9,high,0,car,28.5,77.15
2016-10-04 14:02:47,238,577,5,average,0,car,28.5,77.15
2016-10-04 14:29:49,215,577,4,average,0,car,28.5,77.15
2016-10-04 14:57:13,192,577,4,average,0,car,28.5,77.15
2016-10-04 15:30:14,165,577,3,average,0,cycle,28.5,77.15
2016-10-04 16:04:12,162,577,2,low,0,car,28.5,77.15
2016-10-04 16:31:14,143,577,2,low,0,car,28.5,77.15
2016-10-05 07:57:17,54,577,1,low,0,cycle,28.5,77.15
2016-10-05 08:30:15,59,577,2,average,0,bike,28.5,77.15
2016-10-05 09:04:19,71,577,3,low,0,car,28.5,77.15
2016-10-05 09:30:15,83,577,2,low,0,bike,28.5,77.15
2016-10-05 10:04:15,114,577,3,low,0,car,28.5,77.15
2016-10-05 10:30:17,128,577,4,average,0,bike,28.5,77.15
2016-10-05 11:04:19,148,577,6,average,0,cycle,28.5,77.15
2016-10-05 11:30:18,162,577,6,average,0,bike,28.5,77.15
2016-10-05 12:04:14,178,577,9,high,0,truck,28.5,77.15
2016-10-05 12:30:16,183,577,7,average,0,car,28.5,77.15
2016-10-05 12:57:15,175,577,9,high,0,truck,28.5,77.15
2016-10-05 13:30:19,179,577,8,high,0,car,28.5,77.15
2016-10-05 13:57:20,174,577,6,average,0,bike,28.5,77.15
2016-10-05 14:30:17,158,577,5,average,0,car,28.5,77.15
2016-10-05 14:57:19,145,577,5,average,0,car,28.5,77.15
2016-10-05 15:30:15,129,577,2,low,0,car,28.5,77.15
2016-10-05 16:04:18,121,577,3,low,0,cycle,28.5,77.15
2016-10-05 16:30:17,114,577,2,average,0,car,28.5,77.15
2016-10-06 07:57:25,58,577,2,average,0,bike,28.5,77.15
2016-10-06 08:30:20,63,577,1,low,0,car,28.5,77.15
2016-10-06 08:57:22,70,577,1,low,0,car,28.5,77.15
2016-10-06 09:30:20,95,577,3,average,0,car,28.5,77.15
2016-10-06 10:03:20,135,577,4,low,0,car,28.5,77.15
2016-10-06 10:30:20,160,577,7,high,0,car,28.5,77.15
2016-10-06 10:57:20,177,577,5,average,0,car,28.5,77.15
2016-10-06 11:30:22,191,577,6,average,0,car,28.5,77.15
2016-10-06 12:04:24,199,577,9,high,0,car,28.5,77.15
2016-10-06 12:30:24,206,577,9,high,0,truck,28.5,77.15
2016-10-06 12:57:21,198,577,9,high,0,car,28.5,77.15
2016-10-06 13:30:21,208,577,9,high,0,car,28.5,77.15
2016-10-06 13:57:22,200,577,6,average,0,car,28.5,77.15
2016-10-06 14:30:23,175,577,4,average,0,car,28.5,77.15
2016-10-06 15:04:22,158,577,3,low,0,bike,28.5,77.15
2016-10-06 15:31:22,153,577,3,average,0,car,28.5,77.15
2016-10-06 16:04:23,135,577,2,low,0,cycle,28.5,77.15
2016-10-06 16:30:27,129,577,2,low,0,truck,28.5,77.15
2016-10-07 08:03:27,58,577,2,low,0,car,28.5,77.15
2016-10-07 08:30:27,61,577,2,low,0,car,28.5,77.15
2016-10-07 09:04:13,75,577,3,average,0,car,28.5,77.15
2016-10-07 09:30:27,103,577,2,low,0,car,28.5,77.15
2016-10-07 09:57:27,128,577,3,low,0,car,28.5,77.15
2016-10-07 10:30:27,172,577,5,average,0,car,28.5,77.15
2016-10-07 10:57:30,188,577,5,average,0,cycle,28.5,77.15
2016-10-07 11:30:28,199,577,6,average,0,car,28.5,77.15
2016-10-07 12:03:29,210,577,6,average,0,bike,28.5,77.15
2016-10-07 12:30:28,206,577,9,high,0,car,28.5,77.15
2016-10-07 13:04:28,200,577,9,high,0,car,28.5,77.15
2016-10-07 13:30:29,201,577,9,high,0,car,28.5,77.15
2016-10-07 14:03:28,193,577,5,average,0,cycle,28.5,77.15
2016-10-07 14:30:32,181,577,5,average,0,cycle,28.5,77.15
2016-10-07 15:04:30,172,577,3,low,0,car,28.5,77.15
2016-10-07 15:30:32,159,577,2,low,0,cycle,28.5,77.15
2016-10-07 15:57:31,158,577,3,low,0,cycle,28.5,77.15
2016-10-07 16:30:29,132,577,3,low,0,cycle,28.5,77.15
2016-10-08 07:57:38,58,577,2,low,0,truck,28.5,77.15
2016-10-08 08:30:37,61,577,3,low,0,car,28.5,77.15
2016-10-08 08:57:34,75,577,1,low,0,car,28.5,77.15
2016-10-08 09:30:37,104,577,4,average,0,bike,28.5,77.15
2016-10-08 10:04:34,158,577,4,low,0,car,28.5,77.15
2016-10-08 10:30:34,191,577,5,average,0,car,28.5,77.15
2016-10-08 10:57:34,223,577,5,average,0,car,28.5,77.15
2016-10-08 11:30:38,254,577,6,average,0,bike,28.5,77.15
2016-10-08 12:04:34,306,577,10,high,0,bike,28.5,77.15
2016-10-08 12:30:36,320,577,11,high,0,cycle,28.5,77.15
2016-10-08 13:04:39,348,577,10,high,0,car,28.5,77.15
2016-10-08 13:30:36,357,577,10,high,0,car,28.5,77.15
2016-10-08 14:03:38,395,577,5,average,0,bike,28.5,77.15
2016-10-08 14:30:35,400,577,5,average,0,cycle,28.5,77.15
2016-10-08 14:57:41,395,577,6,average,0,cycle,28.5,77.15
2016-10-08 15:30:39,406,577,3,low,0,truck,28.5,77.15
2016-10-08 16:04:39,381,577,3,average,0,bike,28.5,77.15
2016-10-08 16:30:42,365,577,3,low,0,car,28.5,77.15
2016-10-09 08:04:40,42,577,2,low,1,car,28.5,77.15
2016-10-09 08:30:45,42,577,3,low,1,car,28.5,77.15
2016-10-09 09:04:46,43,577,3,average,1,bike,28.5,77.15
2016-10-09 09:30:45,43,577,3,low,1,bike,28.5,77.15
2016-10-09 09:57:41,50,577,3,low,1,car,28.5,77.15
2016-10-09 10:30:43,64,577,5,average,1,car,28.5,77.15
2016-10-09 11:04:44,100,577,8,average,1,car,28.5,77.15
2016-10-09 11:30:41,126,577,8,average,1,car,28.5,77.15
2016-10-09 11:57:46,148,577,8,average,1,cycle,28.5,77.15
2016-10-09 12:30:41,170,577,13,high,1,truck,28.5,77.15
2016-10-09 13:04:43,189,577,12,high,1,car,28.5,77.15
2016-10-09 13:30:42,205,577,9,average,1,bike,28.5,77.15
2016-10-09 14:03:42,208,577,7,average,1,truck,28.5,77.15
2016-10-09 14:30:42,209,577,7,average,1,car,28.5,77.15
2016-10-09 15:04:44,191,577,4,low,1,car,28.5,77.15
2016-10-09 15:30:46,180,577,4,low,1,car,28.5,77.15
2016-10-09 16:03:43,155,577,5,average,1,car,28.5,77.15
2016-10-09 16:30:43,133,577,3,low,1,car,28.5,77.15
2016-10-10 08:04:47,54,577,2,low,0,bike,28.5,77.15
2016-10-10 08:30:47,56,577,2,low,0,car,28.5,77.15
2016-10-10 09:04:47,65,577,1,low,0,truck,28.5,77.15
2016-10-10 09:30:49,73,577,2,low,0,bike,28.5,77.15
2016-10-10 10:03:48,92,577,3,low,0,car,28.5,77.15
2016-10-10 10:30:48,113,577,5,average,0,car,28.5,77.15
2016-10-10 10:57:52,144,577,4,average,0,car,28.5,77.15
2016-10-10 11:30:48,149,577,6,average,0,car,28.5,77.15
2016-10-10 11:57:49,159,577,8,high,0,truck,28.5,77.15
2016-10-10 12:30:48,171,577,9,high,0,bike,28.5,77.15
2016-10-10 13:04:49,176,577,9,high,0,bike,28.5,77.15
2016-10-10 13:30:49,172,577,9,high,0,bike,28.5,77.15
2016-10-10 14:03:49,161,577,5,average,0,car,28.5,77.15
2016-10-10 14:30:49,154,577,4,average,0,car,28.5,77.15
2016-10-10 14:57:54,137,577,5,average,0,bike,28.5,77.15
2016-10-10 15:30:49,129,577,2,low,0,car,28.5,77.15
2016-10-10 15:57:55,130,577,3,low,0,car,28.5,77.15
2016-10-10 16:30:49,114,577,3,low,0,car,28.5,77.15
2016-10-11 08:04:57,56,577,2,average,0,truck,28.5,77.15
2016-10-11 08:30:54,64,577,2,low,0,bike,28.5,77.15
2016-10-11 08:57:56,74,577,2,low,0,car,28.5,77.15
2016-10-11 09:30:55,93,577,2,low,0,car,28.5,77.15
2016-10-11 09:57:59,129,577,2,low,0,car,28.5,77.15
2016-10-11 10:30:54,167,577,5,average,0,car,28.5,77.15
2016-10-11 10:57:55,200,577,4,average,0,car,28.5,77.15
2016-10-11 11:30:59,219,577,7,average,0,car,28.5,77.15
2016-10-11 12:03:55,225,577,9,high,0,bike,28.5,77.15
2016-10-11 12:30:56,221,577,11,high,0,car,28.5,77.15
2016-10-11 13:04:00,217,577,9,high,0,truck,28.5,77.15
2016-10-11 13:31:01,217,577,9,high,0,truck,28.5,77.15
2016-10-11 14:04:00,208,577,5,average,0,cycle,28.5,77.15
2016-10-11 14:30:56,191,577,4,average,0,bike,28.5,77.15
2016-10-11 15:03:58,167,577,3,low,0,bike,28.5,77.15
2016-10-11 15:33:56,159,577,3,low,0,car,28.5,77.15
2016-10-11 16:01:00,150,577,2,low,0,car,28.5,77.15
2016-10-11 16:26:56,127,577,2,low,0,bike,28.5,77.15
2016-10-12 08:04:00,51,577,2,low,0,car,28.5,77.15
2016-10-12 08:31:01,57,577,2,low,0,car,28.5,77.15
2016-10-12 09:03:59,64,577,2,low,0,car,28.5,77.15
2016-10-12 09:26:58,73,577,2,low,0,car,28.5,77.15
2016-10-12 10:01:04,99,577,4,low,0,car,28.5,77.15
2016-10-12 10:31:04,112,577,4,average,0,car,28.5,77.15
2016-10-12 11:04:01,127,577,6,average,0,bike,28.5,77.15
2016-10-12 11:31:05,128,577,8,high,0,car,28.5,77.15
2016-10-12 12:04:04,143,577,6,average,0,car,28.5,77.15
2016-10-12 12:31:05,158,577,9,high,0,car,28.5,77.15
2016-10-12 13:04:04,157,577,9,high,0,car,28.5,77.15
2016-10-12 13:34:03,164,577,8,high,0,car,28.5,77.15
2016-10-12 14:03:59,167,577,7,high,0,bike,28.5,77.15
2016-10-12 14:34:04,159,577,7,high,0,car,28.5,77.15
2016-10-12 15:01:03,140,577,2,low,0,cycle,28.5,77.15
2016-10-12 15:30:59,128,577,3,low,0,bike,28.5,77.15
2016-10-12 15:57:05,121,577,2,low,0,car,28.5,77.15
2016-10-12 16:31:05,111,577,2,low,0,truck,28.5,77.15
2016-10-13 07:57:02,58,577,2,low,0,cycle,28.5,77.15
2016-10-13 08:31:06,65,577,2,average,0,car,28.5,77.15
2016-10-13 09:04:02,76,577,3,low,0,car,28.5,77.15
2016-10-13 09:31:01,97,577,3,low,0,bike,28.5,77.15
2016-10-13 09:57:08,127,577,4,average,0,car,28.5,77.15
2016-10-13 10:31:03,166,577,6,average,0,car,28.5,77.15
2016-10-13 11:04:08,200,577,6,average,0,car,28.5,77.15
2016-10-13 11:31:06,220,577,6,average,0,bike,28.5,77.15
2016-10-13 11:57:06,230,577,6,average,0,car,28.5,77.15
2016-10-13 12:31:08,231,577,10,high,0,car,28.5,77.15
2016-10-13 13:04:04,214,577,9,high,0,car,28.5,77.15
2016-10-13 13:31:08,203,577,9,high,0,cycle,28.5,77.15
2016-10-13 13:57:07,205,577,6,average,0,car,28.5,77.15
2016-10-13 14:31:06,181,577,5,average,0,cycle,28.5,77.15
2016-10-13 15:04:08,162,577,3,low,0,car,28.5,77.15
2016-10-13 15:31:08,144,577,3,low,0,bike,28.5,77.15
2016-10-13 16:04:08,132,577,2,low,0,truck,28.5,77.15
2016-10-13 16:31:08,130,577,3,low,0,car,28.5,77.15
2016-10-14 08:01:05,53,577,2,low,0,car,28.5,77.15
2016-10-14 08:27:10,57,577,1,low,0,bike,28.5,77.15
2016-10-14 09:01:08,67,577,2,low,0,car,28.5,77.15
2016-10-14 09:27:10,100,577,3,low,0,car,28.5,77.15
2016-10-14 10:01:11,134,577,3,low,0,truck,28.5,77.15
2016-10-14 10:27:09,157,577,5,average,0,car,28.5,77.15
2016-10-14 11:01:07,205,577,6,average,0,car,28.5,77.15
2016-10-14 11:27:06,220,577,6,average,0,car,28.5,77.15
2016-10-14 12:01:11,224,577,10,high,0,car,28.5,77.15
2016-10-14 12:27:06,213,577,9,high,0,car,28.5,77.15
2016-10-14 13:01:11,205,577,9,high,0,car,28.5,77.15
2016-10-14 13:27:07,201,577,9,high,0,car,28.5,77.15
2016-10-14 14:01:11,182,577,5,average,0,car,28.5,77.15
2016-10-14 14:34:08,174,577,4,average,0,cycle,28.5,77.15
2016-10-14 15:01:12,171,577,3,low,0,car,28.5,77.15
2016-10-14 15:27:08,161,577,3,low,0,car,28.5,77.15
2016-10-14 16:01:11,138,577,2,low,0,car,28.5,77.15
2016-10-14 16:34:08,134,577,3,average,0,cycle,28.5,77.15
2016-10-15 08:01:11,53,577,2,low,0,car,28.5,77.15
2016-10-15 08:34:10,63,577,1,low,0,car,28.5,77.15
2016-10-15 09:01:09,77,577,3,low,0,car,28.5,77.15
2016-10-15 09:27:11,101,577,3,low,0,cycle,28.5,77.15
2016-10-15 10:01:12,154,577,4,low,0,car,28.5,77.15
2016-10-15 10:27:15,171,577,4,low,0,car,28.5,77.15
2016-10-15 11:01:14,211,577,6,average,0,car,28.5,77.15
2016-10-15 11:27:14,239,577,6,average,0,car,28.5,77.15
2016-10-15 12:01:12,276,577,10,high,0,car,28.5,77.15
2016-10-15 12:27:10,297,577,11,high,0,car,28.5,77.15
2016-10-15 13:01:14,332,577,10,high,0,bike,28.5,77.15
2016-10-15 13:34:13,352,577,11,high,0,car,28.5,77.15
2016-10-15 14:01:13,391,577,6,average,0,car,28.5,77.15
2016-10-15 14:27:12,409,577,6,average,0,cycle,28.5,77.15
2016-10-15 15:01:13,442,577,4,low,0,cycle,28.5,77.15
2016-10-15 15:27:12,428,577,4,low,0,car,28.5,77.15
2016-10-15 16:01:15,412,577,3,low,0,car,28.5,77.15
2016-10-15 16:27:16,393,577,3,low,0,car,28.5,77.15
2016-10-16 08:04:13,48,577,2,low,1,car,28.5,77.15
2016-10-16 08:27:13,48,577,2,low,1,car,28.5,77.15
2016-10-16 09:01:15,55,577,3,low,1,car,28.5,77.15
2016-10-16 09:27:13,57,577,4,average,1,bike,28.5,77.15
2016-10-16 10:04:13,57,577,5,low,1,car,28.5,77.15
2016-10-16 10:34:13,56,577,4,average,1,car,28.5,77.15
2016-10-16 11:01:13,56,577,7,average,1,cycle,28.5,77.15
2016-10-16 11:27:17,56,577,6,average,1,bike,28.5,77.15
2016-10-16 12:01:16,65,577,11,high,1,car,28.5,77.15
2016-10-16 12:27:14,105,577,12,high,1,car,28.5,77.15
2016-10-16 13:01:16,131,577,11,high,1,truck,28.5,77.15
2016-10-16 13:27:17,146,577,11,high,1,truck,28.5,77.15
2016-10-16 14:01:18,170,577,6,average,1,car,28.5,77.15
2016-10-16 14:27:13,180,577,7,average,1,car,28.5,77.15
2016-10-16 15:01:18,192,577,4,low,1,car,28.5,77.15
2016-10-16 15:31:18,185,577,4,low,1,car,28.5,77.15
2016-10-16 15:57:16,173,577,4,low,1,bike,28.5,77.15
2016-10-16 16:31:17,154,577,3,low,1,car,28.5,77.15
2016-10-17 08:01:16,50,577,3,low,0,car,28.5,77.15
2016-10-17 08:27:16,54,577,2,low,0,car,28.5,77.15
2016-10-17 09:01:17,66,577,1,low,0,car,28.5,77.15
2016-10-17 09:27:20,76,577,2,low,0,car,28.5,77.15
2016-10-17 10:04:20,112,577,3,low,0,bike,28.5,77.15
2016-10-17 10:31:16,119,577,5,average,0,car,28.5,77.15
2016-10-17 11:04:20,144,577,5,average,0,car,28.5,77.15
2016-10-17 11:31:18,153,577,6,average,0,cycle,28.5,77.15
2016-10-17 12:04:19,159,577,9,high,0,cycle,28.5,77.15
2016-10-17 12:31:21,154,577,10,high,0,car,28.5,77.15
2016-10-17 12:57:17,154,577,9,high,0,bike,28.5,77.15
2016-10-17 13:31:21,157,577,8,high,0,car,28.5,77.15
2016-10-17 14:04:21,161,577,4,average,0,bike,28.5,77.15
2016-10-17 14:31:21,147,577,4,average,0,truck,28.5,77.15
2016-10-17 14:57:18,133,577,7,high,0,bike,28.5,77.15
2016-10-17 15:31:21,121,577,3,low,0,car,28.5,77.15
2016-10-17 15:57:17,115,577,2,low,0,car,28.5,77.15
2016-10-17 16:28:21,110,577,3,average,0,car,28.5,77.15
2016-10-18 08:01:23,57,577,3,low,0,bike,28.5,77.15
2016-10-18 08:28:25,60,577,2,low,0,car,28.5,77.15
2016-10-18 09:01:23,72,577,2,average,0,car,28.5,77.15
2016-10-18 09:28:22,91,577,2,low,0,car,28.5,77.15
2016-10-18 10:01:25,145,577,4,low,0,bike,28.5,77.15
2016-10-18 10:28:58,178,577,3,low,0,cycle,28.5,77.15
2016-10-18 11:01:57,220,577,7,average,0,car,28.5,77.15
2016-10-18 11:27:56,228,577,7,average,0,car,28.5,77.15
2016-10-18 12:01:59,231,577,10,high,0,car,28.5,77.15
2016-10-18 12:27:57,224,577,7,average,0,car,28.5,77.15
2016-10-18 13:01:56,237,577,8,high,0,car,28.5,77.15
2016-10-18 13:28:57,227,577,9,high,0,bike,28.5,77.15
2016-10-18 13:54:59,226,577,6,average,0,car,28.5,77.15
2016-10-18 14:27:56,200,577,4,average,0,bike,28.5,77.15
2016-10-18 15:01:58,165,577,4,low,0,car,28.5,77.15
2016-10-18 15:27:59,157,577,2,low,0,car,28.5,77.15
2016-10-18 15:55:00,149,577,3,low,0,truck,28.5,77.15
2016-10-18 16:27:54,124,577,2,low,0,cycle,28.5,77.15
2016-10-19 08:05:03,49,577,2,low,0,cycle,28.5,77.15
2016-10-19 08:25:01,51,577,1,low,0,bike,28.5,77.15
2016-10-19 08:58:05,59,577,2,low,0,bike,28.5,77.15
2016-10-19 09:32:04,76,577,2,low,0,bike,28.5,77.15
2016-10-19 09:58:04,105,577,2,low,0,truck,28.5,77.15
2016-10-19 10:25:04,135,577,4,low,0,bike,28.5,77.15
2016-10-19 10:59:00,156,577,5,average,0,bike,28.5,77.15
2016-10-19 11:25:04,177,577,6,average,0,car,28.5,77.15
2016-10-19 11:59:05,181,577,6,average,0,car,28.5,77.15
2016-10-19 12:25:00,171,577,9,high,0,car,28.5,77.15
2016-10-19 12:58:01,165,577,9,high,0,cycle,28.5,77.15
2016-10-19 13:25:03,167,577,9,high,0,car,28.5,77.15
2016-10-19 13:58:02,161,577,7,average,0,cycle,28.5,77.15
2016-10-19 14:32:03,156,577,4,average,0,cycle,28.5,77.15
2016-10-19 14:58:03,144,577,5,average,0,truck,28.5,77.15
2016-10-19 15:32:05,127,577,2,low,0,bike,28.5,77.15
2016-10-19 15:59:01,117,577,3,low,0,car,28.5,77.15
2016-10-19 16:25:03,110,577,2,low,0,car,28.5,77.15
2016-10-22 07:59:45,57,577,2,low,0,car,28.5,77.15
2016-10-22 08:26:46,59,577,2,low,0,car,28.5,77.15
2016-10-22 08:59:44,72,577,2,low,0,cycle,28.5,77.15
2016-10-22 09:26:47,93,577,2,low,0,car,28.5,77.15
2016-10-22 09:59:44,130,577,2,low,0,truck,28.5,77.15
2016-10-22 10:26:47,156,577,4,low,0,car,28.5,77.15
2016-10-22 10:59:47,198,577,7,high,0,truck,28.5,77.15
2016-10-22 11:32:43,239,577,6,average,0,cycle,28.5,77.15
2016-10-22 11:59:46,261,577,10,high,0,car,28.5,77.15
2016-10-22 12:32:47,324,577,11,high,0,bike,28.5,77.15
2016-10-22 12:59:47,359,577,11,high,0,car,28.5,77.15
2016-10-22 13:32:43,380,577,10,high,0,truck,28.5,77.15
2016-10-22 13:59:48,408,577,10,high,0,bike,28.5,77.15
2016-10-22 14:39:47,430,577,5,average,0,car,28.5,77.15
2016-10-22 14:59:48,424,577,6,average,0,bike,28.5,77.15
2016-10-22 15:26:49,403,577,4,low,0,car,28.5,77.15
2016-10-22 15:59:47,384,577,3,low,0,car,28.5,77.15
2016-10-22 16:26:47,340,577,3,low,0,truck,28.5,77.15
2016-10-23 07:59:48,47,577,3,low,1,car,28.5,77.15
2016-10-23 08:26:51,48,577,2,low,1,car,28.5,77.15
2016-10-23 08:59:50,51,577,3,low,1,bike,28.5,77.15
2016-10-23 09:26:51,50,577,3,low,1,bike,28.5,77.15
2016-10-23 09:59:52,54,577,3,low,1,bike,28.5,77.15
2016-10-23 10:26:53,60,577,5,low,1,bike,28.5,77.15
2016-10-23 10:59:53,80,577,8,high,1,car,28.5,77.15
2016-10-23 11:26:49,107,577,8,average,1,car,28.5,77.15
2016-10-23 11:59:50,125,577,9,average,1,car,28.5,77.15
2016-10-23 12:26:51,144,577,13,high,1,bike,28.5,77.15
2016-10-23 13:06:52,175,577,12,high,1,car,28.5,77.15
2016-10-23 13:26:55,192,577,12,high,1,car,28.5,77.15
2016-10-23 13:59:53,215,577,9,average,1,cycle,28.5,77.15
2016-10-23 14:26:51,226,577,7,average,1,car,28.5,77.15
2016-10-23 14:59:53,219,577,7,average,1,car,28.5,77.15
2016-10-23 15:26:56,215,577,4,low,1,cycle,28.5,77.15
2016-10-23 15:59:54,179,577,4,low,1,car,28.5,77.15
2016-10-23 16:26:57,150,577,4,low,1,car,28.5,77.15
2016-10-24 07:56:56,47,577,2,average,0,bike,28.5,77.15
2016-10-24 08:29:56,55,577,1,low,0,truck,28.5,77.15
2016-10-24 09:03:01,62,577,3,low,0,car,28.5,77.15
2016-10-24 09:30:01,73,577,3,low,0,car,28.5,77.15
2016-10-24 09:55:57,87,577,3,low,0,car,28.5,77.15
2016-10-24 10:30:02,114,577,5,average,0,car,28.5,77.15
2016-10-24 11:03:03,137,577,6,average,0,car,28.5,77.15
2016-10-24 11:29:57,155,577,6,average,0,car,28.5,77.15
2016-10-24 12:02:57,173,577,9,high,0,cycle,28.5,77.15
2016-10-24 12:30:03,191,577,9,high,0,car,28.5,77.15
2016-10-24 12:56:58,198,577,10,high,0,car,28.5,77.15
2016-10-24 13:30:03,208,577,9,high,0,car,28.5,77.15
2016-10-24 13:56:01,219,577,6,average,0,cycle,28.5,77.15
2016-10-24 14:30:02,215,577,5,average,0,car,28.5,77.15
2016-10-24 14:56:02,209,577,5,average,0,bike,28.5,77.15
2016-10-24 15:32:59,209,577,3,low,0,bike,28.5,77.15
2016-10-24 16:00:04,192,577,2,low,0,bike,28.5,77.15
2016-10-24 16:33:03,175,577,2,low,0,car,28.5,77.15
2016-10-25 08:00:03,54,577,2,low,0,car,28.5,77.15
2016-10-25 08:26:08,55,577,2,low,0,car,28.5,77.15
2016-10-25 09:00:03,82,577,2,low,0,bike,28.5,77.15
2016-10-25 09:19:19,95,577,3,average,0,car,28.5,77.15
2016-10-25 09:56:19,129,577,2,low,0,car,28.5,77.15
2016-10-25 10:29:19,173,577,3,low,0,car,28.5,77.15
2016-10-25 10:56:23,202,577,5,average,0,bike,28.5,77.15
2016-10-25 11:29:22,249,577,6,average,0,car,28.5,77.15
2016-10-25 12:02:23,290,577,10,high,0,truck,28.5,77.15
2016-10-25 12:29:21,303,577,11,high,0,car,28.5,77.15
2016-10-25 13:03:20,331,577,10,high,0,cycle,28.5,77.15
2016-10-25 13:29:24,345,577,10,high,0,cycle,28.5,77.15
2016-10-25 13:56:21,363,577,10,high,0,car,28.5,77.15
2016-10-25 14:29:23,365,577,7,high,0,truck,28.5,77.15
2016-10-25 15:02:24,340,577,3,low,0,car,28.5,77.15
2016-10-25 15:29:22,302,577,3,low,0,car,28.5,77.15
2016-10-25 15:56:25,273,577,3,low,0,bike,28.5,77.15
2016-10-25 16:29:22,226,577,2,low,0,car,28.5,77.15
2016-10-26 07:59:26,56,577,2,low,0,car,28.5,77.15
2016-10-26 08:32:27,63,577,3,low,0,car,28.5,77.15
2016-10-26 08:59:29,70,577,2,average,0,car,28.5,77.15
2016-10-26 09:26:27,87,577,3,low,0,truck,28.5,77.15
2016-10-26 09:59:25,108,577,3,low,0,bike,28.5,77.15
2016-10-26 10:26:30,125,577,3,low,0,car,28.5,77.15
2016-10-26 10:59:30,159,577,7,high,0,bike,28.5,77.15
2016-10-26 11:26:28,182,577,9,high,0,car,28.5,77.15
2016-10-26 11:59:29,198,577,6,average,0,car,28.5,77.15
2016-10-26 12:26:27,205,577,9,high,0,car,28.5,77.15
2016-10-26 12:59:31,231,577,10,high,0,car,28.5,77.15
2016-10-26 13:26:32,244,577,9,high,0,car,28.5,77.15
2016-10-26 13:59:26,260,577,7,average,0,truck,28.5,77.15
2016-10-26 14:26:26,267,577,6,average,0,car,28.5,77.15
2016-10-26 14:59:30,252,577,6,average,0,bike,28.5,77.15
2016-10-26 15:26:30,238,577,3,low,0,car,28.5,77.15
2016-10-26 15:59:32,212,577,3,low,0,car,28.5,77.15
2016-10-26 16:32:30,180,577,2,low,0,car,28.5,77.15
2016-10-27 07:59:33,54,577,3,low,0,car,28.5,77.15
2016-10-27 08:32:33,60,577,1,low,0,truck,28.5,77.15
2016-10-27 08:59:33,69,577,2,low,0,bike,28.5,77.15
2016-10-27 09:32:35,90,577,2,low,0,truck,28.5,77.15
2016-10-27 09:59:37,102,577,2,low,0,bike,28.5,77.15
2016-10-27 10:25:37,117,577,3,low,0,bike,28.5,77.15
2016-10-27 10:59:38,160,577,4,average,0,bike,28.5,77.15
2016-10-27 11:32:32,189,577,6,average,0,car,28.5,77.15
2016-10-27 11:59:38,207,577,6,average,0,car,28.5,77.15
2016-10-27 12:26:35,222,577,11,high,0,bike,28.5,77.15
2016-10-27 12:59:36,247,577,10,high,0,car,28.5,77.15
2016-10-27 13:32:35,271,577,9,high,0,car,28.5,77.15
2016-10-27 13:59:37,279,577,6,average,0,cycle,28.5,77.15
2016-10-27 14:26:38,280,577,8,high,0,car,28.5,77.15
2016-10-27 14:59:37,266,577,5,average,0,car,28.5,77.15
2016-10-27 15:26:33,263,577,4,low,0,car,28.5,77.15
2016-10-27 15:59:38,241,577,4,low,0,truck,28.5,77.15
2016-10-27 16:26:39,225,577,2,low,0,car,28.5,77.15
2016-10-28 08:16:41,57,577,1,low,0,truck,28.5,77.15
2016-10-28 08:16:41,57,577,2,low,0,car,28.5,77.15
2016-10-28 08:56:40,69,577,2,average,0,car,28.5,77.15
2016-10-28 09:29:43,99,577,4,average,0,bike,28.5,77.15
2016-10-28 10:02:44,135,577,3,low,0,car,28.5,77.15
2016-10-28 10:29:41,171,577,3,low,0,car,28.5,77.15
2016-10-28 10:56:43,196,577,5,average,0,bike,28.5,77.15
2016-10-28 11:29:44,230,577,9,high,0,cycle,28.5,77.15
2016-10-28 12:02:44,262,577,7,average,0,car,28.5,77.15
2016-10-28 12:29:45,269,577,10,high,0,car,28.5,77.15
2016-10-28 13:02:43,266,577,9,high,0,car,28.5,77.15
2016-10-28 13:29:45,275,577,9,high,0,car,28.5,77.15
2016-10-28 14:02:39,296,577,5,average,0,cycle,28.5,77.15
2016-10-28 14:29:45,290,577,5,average,0,car,28.5,77.15
2016-10-28 15:02:43,282,577,3,low,0,bike,28.5,77.15
2016-10-28 15:29:41,269,577,3,low,0,car,28.5,77.15
2016-10-28 16:02:40,256,577,2,low,0,car,28.5,77.15
2016-10-28 16:29:42,220,577,3,low,0,car,28.5,77.15
2016-10-29 07:59:48,51,577,2,average,0,car,28.5,77.15
2016-10-29 08:26:46,56,577,1,low,0,car,28.5,77.15
2016-10-29 08:59:48,66,577,3,low,0,car,28.5,77.15
2016-10-29 09:26:50,91,577,3,low,0,car,28.5,77.15
2016-10-29 09:59:51,124,577,3,low,0,car,28.5,77.15
2016-10-29 10:26:49,164,577,4,low,0,car,28.5,77.15
2016-10-29 10:59:46,213,577,6,average,0,car,28.5,77.15
2016-10-29 11:25:51,267,577,7,average,0,car,28.5,77.15
2016-10-29 12:06:51,314,577,10,high,0,car,28.5,77.15
2016-10-29 12:26:46,339,577,11,high,0,bike,28.5,77.15
2016-10-29 12:59:51,338,577,11,high,0,car,28.5,77.15
2016-10-29 13:26:47,368,577,10,high,0,car,28.5,77.15
2016-10-29 13:59:51,366,577,7,average,0,bike,28.5,77.15
2016-10-29 14:26:50,374,577,6,average,0,bike,28.5,77.15
2016-10-29 14:59:51,414,577,6,average,0,bike,28.5,77.15
2016-10-29 15:26:52,417,577,3,low,0,car,28.5,77.15
2016-10-29 15:59:51,417,577,3,low,0,car,28.5,77.15
2016-10-29 16:26:53,369,577,2,low,0,car,28.5,77.15
2016-10-30 07:59:55,43,577,2,low,1,car,28.5,77.15
2016-10-30 07:59:55,43,577,3,low,1,car,28.5,77.15
2016-10-30 07:59:55,43,577,3,low,1,car,28.5,77.15
2016-10-30 08:25:53,44,577,2,low,1,car,28.5,77.15
2016-10-30 08:59:52,45,577,4,average,1,car,28.5,77.15
2016-10-30 09:25:57,44,577,2,low,1,truck,28.5,77.15
2016-10-30 09:59:52,47,577,2,low,1,car,28.5,77.15
2016-10-30 10:25:54,61,577,4,low,1,bike,28.5,77.15
2016-10-30 10:59:56,84,577,6,average,1,car,28.5,77.15
2016-10-30 11:25:55,107,577,8,average,1,car,28.5,77.15
2016-10-30 11:59:58,122,577,7,average,1,car,28.5,77.15
2016-10-30 12:26:54,142,577,9,average,1,cycle,28.5,77.15
2016-10-30 13:06:59,169,577,11,high,1,bike,28.5,77.15
2016-10-30 13:25:59,177,577,12,high,1,car,28.5,77.15
2016-10-30 13:59:59,182,577,9,average,1,bike,28.5,77.15
2016-10-30 14:32:54,183,577,6,average,1,car,28.5,77.15
2016-10-30 15:00:00,157,577,5,average,1,bike,28.5,77.15
2016-10-30 15:32:59,147,577,3,low,1,car,28.5,77.15
2016-10-31 08:00:03,49,577,2,low,0,car,28.5,77.15
2016-10-31 08:26:02,58,577,2,low,0,car,28.5,77.15
2016-10-31 09:00:00,67,577,2,average,0,car,28.5,77.15
2016-10-31 09:26:03,92,577,3,average,0,bike,28.5,77.15
2016-10-31 10:00:05,111,577,3,low,0,cycle,28.5,77.15
2016-10-31 10:26:02,129,577,3,low,0,car,28.5,77.15
2016-10-31 11:00:02,166,577,8,high,0,car,28.5,77.15
2016-10-31 11:26:04,178,577,8,high,0,truck,28.5,77.15
2016-10-31 12:00:04,198,577,9,high,0,car,28.5,77.15
2016-10-31 12:26:06,199,577,9,high,0,car,28.5,77.15
2016-10-31 13:00:06,198,577,10,high,0,car,28.5,77.15
2016-10-31 13:26:01,201,577,9,high,0,car,28.5,77.15
2016-10-31 13:59:47,189,577,8,high,0,bike,28.5,77.15
2016-10-31 14:26:05,185,577,5,average,0,truck,28.5,77.15
2016-10-31 15:00:03,160,577,3,average,0,car,28.5,77.15
2016-10-31 15:27:04,141,577,3,low,0,car,28.5,77.15
2016-10-31 16:00:07,130,577,3,average,0,bike,28.5,77.15
2016-10-31 16:26:06,121,577,2,low,0,car,28.5,77.15
2016-11-01 08:06:07,50,577,1,low,0,car,28.5,77.15
2016-11-01 08:26:07,54,577,2,low,0,car,28.5,77.15
2016-11-01 09:00:08,69,577,2,low,0,car,28.5,77.15
2016-11-01 09:26:12,91,577,1,low,0,car,28.5,77.15
2016-11-01 10:00:08,135,577,4,average,0,truck,28.5,77.15
2016-11-01 10:26:11,163,577,4,low,0,bike,28.5,77.15
2016-11-01 11:00:09,185,577,9,high,0,car,28.5,77.15
2016-11-01 11:26:11,207,577,9,high,0,cycle,28.5,77.15
2016-11-01 12:00:08,239,577,10,high,0,car,28.5,77.15
2016-11-01 12:26:12,244,577,10,high,0,truck,28.5,77.15
2016-11-01 13:00:12,243,577,10,high,0,bike,28.5,77.15
2016-11-01 13:26:12,241,577,10,high,0,car,28.5,77.15
2016-11-01 14:00:09,229,577,5,average,0,bike,28.5,77.15
2016-11-01 14:26:10,199,577,4,average,0,truck,28.5,77.15
2016-11-01 15:00:12,180,577,2,low,0,car,28.5,77.15
2016-11-01 15:27:09,167,577,3,low,0,car,28.5,77.15
2016-11-01 16:00:09,153,577,2,low,0,cycle,28.5,77.15
2016-11-01 16:33:14,133,577,2,low,0,truck,28.5,77.15
2016-11-02 07:56:18,50,577,2,average,0,car,28.5,77.15
2016-11-02 08:30:14,52,577,1,low,0,car,28.5,77.15
2016-11-02 08:56:14,57,577,3,average,0,car,28.5,77.15
2016-11-02 09:30:15,81,577,3,low,0,bike,28.5,77.15
2016-11-02 09:56:15,97,577,2,low,0,car,28.5,77.15
2016-11-02 10:29:19,125,577,4,low,0,bike,28.5,77.15
2016-11-02 10:56:16,144,577,5,average,0,car,28.5,77.15
2016-11-02 11:30:19,167,577,6,average,0,car,28.5,77.15
2016-11-02 11:56:19,169,577,7,average,0,cycle,28.5,77.15
2016-11-02 12:30:20,184,577,10,high,0,bike,28.5,77.15
2016-11-02 13:03:20,192,577,8,high,0,cycle,28.5,77.15
2016-11-02 13:30:18,188,577,9,high,0,car,28.5,77.15
2016-11-02 14:03:20,188,577,4,average,0,car,28.5,77.15
2016-11-02 14:30:16,171,577,4,average,0,car,28.5,77.15
2016-11-02 14:56:19,153,577,5,average,0,bike,28.5,77.15
2016-11-02 15:29:19,130,577,4,low,0,bike,28.5,77.15
2016-11-02 16:03:20,125,577,2,low,0,car,28.5,77.15
2016-11-02 16:30:18,115,577,2,low,0,cycle,28.5,77.15
2016-11-03 08:00:22,51,577,2,average,0,truck,28.5,77.15
2016-11-03 08:26:26,56,577,2,low,0,car,28.5,77.15
2016-11-03 09:00:22,60,577,2,low,0,car,28.5,77.15
2016-11-03 09:26:22,80,577,2,low,0,car,28.5,77.15
2016-11-03 10:00:22,119,577,3,low,0,car,28.5,77.15
2016-11-03 10:26:25,138,577,3,low,0,bike,28.5,77.15
2016-11-03 11:00:24,185,577,6,average,0,cycle,28.5,77.15
2016-11-03 11:26:27,195,577,6,average,0,bike,28.5,77.15
2016-11-03 12:00:26,195,577,10,high,0,car,28.5,77.15
2016-11-03 12:26:27,191,577,9,high,0,cycle,28.5,77.15
2016-11-03 12:59:26,196,577,9,high,0,car,28.5,77.15
2016-11-03 13:26:26,191,577,9,high,0,truck,28.5,77.15
2016-11-03 13:59:26,187,577,6,average,0,car,28.5,77.15
2016-11-03 14:26:23,177,577,4,average,0,car,28.5,77.15
2016-11-03 15:00:23,154,577,3,low,0,cycle,28.5,77.15
2016-11-03 15:26:24,142,577,3,low,0,car,28.5,77.15
2016-11-03 16:03:28,120,577,1,low,0,car,28.5,77.15
2016-11-03 16:30:27,108,577,2,low,0,bike,28.5,77.15
2016-11-04 08:00:29,48,577,1,low,0,cycle,28.5,77.15
2016-11-04 08:26:32,56,577,2,low,0,truck,28.5,77.15
2016-11-04 08:59:32,71,577,2,low,0,car,28.5,77.15
2016-11-04 09:33:32,97,577,2,low,0,car,28.5,77.15
2016-11-04 10:00:29,115,577,3,low,0,car,28.5,77.15
2016-11-04 10:26:31,135,577,4,low,0,car,28.5,77.15
2016-11-04 11:00:33,154,577,6,average,0,car,28.5,77.15
2016-11-04 11:33:31,179,577,8,high,0,car,28.5,77.15
2016-11-04 12:00:31,183,577,10,high,0,car,28.5,77.15
2016-11-04 12:33:34,182,577,9,high,0,car,28.5,77.15
2016-11-04 13:00:30,171,577,8,high,0,car,28.5,77.15
2016-11-04 13:26:33,173,577,6,average,0,car,28.5,77.15
2016-11-04 13:59:31,179,577,8,high,0,car,28.5,77.15
2016-11-04 14:26:30,167,577,5,average,0,car,28.5,77.15
2016-11-04 15:00:30,156,577,2,low,0,car,28.5,77.15
2016-11-04 15:26:30,145,577,3,low,0,car,28.5,77.15
2016-11-04 16:00:33,136,577,3,low,0,car,28.5,77.15
2016-11-04 16:26:30,119,577,2,low,0,car,28.5,77.15
2016-11-05 08:00:35,43,577,2,low,0,bike,28.5,77.15
2016-11-05 08:26:35,48,577,1,low,0,car,28.5,77.15
2016-11-05 08:59:37,59,577,2,low,0,bike,28.5,77.15
2016-11-05 09:26:38,90,577,4,average,0,car,28.5,77.15
2016-11-05 09:59:37,135,577,2,low,0,car,28.5,77.15
2016-11-05 10:33:38,181,577,4,average,0,car,28.5,77.15
2016-11-05 10:59:39,224,577,5,average,0,truck,28.5,77.15
2016-11-05 11:26:38,243,577,6,average,0,car,28.5,77.15
2016-11-05 12:06:39,278,577,10,high,0,car,28.5,77.15
2016-11-05 12:26:41,288,577,10,high,0,car,28.5,77.15
2016-11-05 13:00:37,331,577,7,average,0,car,28.5,77.15
2016-11-05 13:33:39,351,577,10,high,0,cycle,28.5,77.15
2016-11-05 13:59:41,361,577,7,average,0,bike,28.5,77.15
2016-11-05 14:26:39,346,577,5,average,0,car,28.5,77.15
2016-11-05 15:00:40,369,577,3,low,0,car,28.5,77.15
2016-11-05 15:26:40,390,577,3,low,0,cycle,28.5,77.15
2016-11-05 16:00:41,368,577,2,low,0,bike,28.5,77.15
2016-11-05 16:26:40,340,577,2,low,0,bike,28.5,77.15
2016-11-06 08:00:42,35,577,2,low,1,truck,28.5,77.15
2016-11-06 08:26:43,35,577,2,low,1,car,28.5,77.15
2016-11-06 09:00:42,36,577,3,low,1,car,28.5,77.15
2016-11-06 09:33:44,39,577,4,low,1,bike,28.5,77.15
2016-11-06 10:00:43,46,577,4,low,1,car,28.5,77.15
2016-11-06 10:26:46,53,577,4,low,1,bike,28.5,77.15
2016-11-06 10:59:45,77,577,6,average,1,bike,28.5,77.15
2016-11-06 11:26:44,96,577,7,average,1,car,28.5,77.15
2016-11-06 11:59:43,124,577,7,average,1,cycle,28.5,77.15
2016-11-06 12:26:47,153,577,12,high,1,cycle,28.5,77.15
2016-11-06 13:06:45,178,577,8,average,1,bike,28.5,77.15
2016-11-06 13:26:43,188,577,9,average,1,cycle,28.5,77.15
2016-11-06 13:59:46,216,577,9,average,1,bike,28.5,77.15
2016-11-06 14:33:47,225,577,8,average,1,car,28.5,77.15
2016-11-06 15:00:47,211,577,4,low,1,car,28.5,77.15
2016-11-06 15:26:45,188,577,4,low,1,car,28.5,77.15
2016-11-06 15:59:48,163,577,4,low,1,car,28.5,77.15
2016-11-06 16:26:45,130,577,2,low,1,bike,28.5,77.15
2016-11-07 08:00:52,30,577,2,low,0,truck,28.5,77.15
2016-11-07 08:26:53,38,577,2,low,0,car,28.5,77.15
2016-11-07 08:59:50,49,577,1,low,0,cycle,28.5,77.15
2016-11-07 09:26:49,61,577,3,low,0,car,28.5,77.15
2016-11-07 09:59:50,87,577,3,low,0,bike,28.5,77.15
2016-11-07 10:26:49,110,577,3,low,0,car,28.5,77.15
2016-11-07 10:59:51,142,577,5,average,0,car,28.5,77.15
2016-11-07 11:26:51,157,577,9,high,0,car,28.5,77.15
2016-11-07 11:59:51,157,577,6,average,0,car,28.5,77.15
2016-11-07 12:26:50,160,577,9,high,0,car,28.5,77.15
2016-11-07 12:59:53,154,577,9,high,0,truck,28.5,77.15
2016-11-07 13:33:52,161,577,8,high,0,bike,28.5,77.15
2016-11-07 13:59:54,162,577,6,average,0,bike,28.5,77.15
2016-11-07 14:33:55,156,577,4,average,0,car,28.5,77.15
2016-11-07 15:00:51,148,577,3,low,0,car,28.5,77.15
2016-11-07 15:33:53,124,577,2,low,0,car,28.5,77.15
2016-11-07 16:00:51,119,577,2,low,0,truck,28.5,77.15
2016-11-07 16:33:53,118,577,2,low,0,car,28.5,77.15
2016-11-08 07:59:58,34,577,2,low,0,car,28.5,77.15
2016-11-08 08:26:55,36,577,1,low,0,car,28.5,77.15
2016-11-08 08:59:56,46,577,2,average,0,car,28.5,77.15
2016-11-08 09:26:56,68,577,2,low,0,truck,28.5,77.15
2016-11-08 09:59:56,112,577,2,low,0,car,28.5,77.15
2016-11-08 10:33:59,150,577,5,average,0,cycle,28.5,77.15
2016-11-08 11:00:00,178,577,6,average,0,car,28.5,77.15
2016-11-08 11:33:56,196,577,8,high,0,cycle,28.5,77.15
2016-11-08 11:59:58,236,577,7,average,0,bike,28.5,77.15
2016-11-08 12:27:01,250,577,11,high,0,cycle,28.5,77.15
2016-11-08 13:00:00,253,577,9,high,0,car,28.5,77.15
2016-11-08 13:34:01,237,577,10,high,0,car,28.5,77.15
2016-11-08 14:00:59,223,577,5,average,0,bike,28.5,77.15
2016-11-08 14:26:58,196,577,4,average,0,car,28.5,77.15
2016-11-08 15:00:02,163,577,2,low,0,car,28.5,77.15
2016-11-08 15:33:57,144,577,4,average,0,car,28.5,77.15
2016-11-08 16:01:02,127,577,2,low,0,bike,28.5,77.15
2016-11-08 16:34:02,106,577,2,low,0,car,28.5,77.15
2016-11-09 08:00:02,32,577,2,low,0,car,28.5,77.15
2016-11-09 08:27:02,37,577,1,low,0,cycle,28.5,77.15
2016-11-09 09:00:07,43,577,3,low,0,cycle,28.5,77.15
2016-11-09 09:34:05,61,577,2,low,0,car,28.5,77.15
2016-11-09 10:00:05,88,577,3,low,0,truck,28.5,77.15
2016-11-09 10:27:03,107,577,4,low,0,car,28.5,77.15
2016-11-09 11:00:04,130,577,6,average,0,car,28.5,77.15
2016-11-09 11:27:04,151,577,8,high,0,car,28.5,77.15
2016-11-09 12:00:06,152,577,9,high,0,car,28.5,77.15
2016-11-09 12:27:05,160,577,9,high,0,cycle,28.5,77.15
2016-11-09 13:00:08,172,577,9,high,0,car,28.5,77.15
2016-11-09 13:27:04,172,577,9,high,0,truck,28.5,77.15
2016-11-09 14:00:04,163,577,5,average,0,car,28.5,77.15
2016-11-09 14:27:08,152,577,4,average,0,car,28.5,77.15
2016-11-09 15:00:06,134,577,2,low,0,car,28.5,77.15
2016-11-09 15:34:05,124,577,3,low,0,bike,28.5,77.15
2016-11-09 16:00:09,108,577,2,low,0,truck,28.5,77.15
2016-11-09 16:34:06,94,577,3,low,0,cycle,28.5,77.15
2016-11-10 08:00:12,36,577,1,low,0,car,28.5,77.15
2016-11-10 08:34:11,41,577,2,low,0,bike,28.5,77.15
2016-11-10 09:00:09,49,577,2,low,0,cycle,28.5,77.15
2016-11-10 09:27:11,65,577,2,low,0,car,28.5,77.15
2016-11-10 10:00:12,93,577,3,low,0,bike,28.5,77.15
2016-11-10 10:27:10,126,577,3,low,0,car,28.5,77.15
2016-11-10 11:00:12,160,577,6,average,0,car,28.5,77.15
2016-11-10 11:27:14,186,577,6,average,0,cycle,28.5,77.15
2016-11-10 12:00:10,201,577,9,high,0,bike,28.5,77.15
2016-11-10 12:27:14,208,577,9,high,0,car,28.5,77.15
2016-11-10 13:00:13,208,577,9,high,0,car,28.5,77.15
2016-11-10 13:34:14,200,577,10,high,0,car,28.5,77.15
2016-11-10 14:00:15,201,577,5,average,0,car,28.5,77.15
2016-11-10 14:27:13,190,577,4,average,0,car,28.5,77.15
2016-11-10 15:00:13,162,577,3,low,0,car,28.5,77.15
2016-11-10 15:27:15,153,577,3,low,0,car,28.5,77.15
2016-11-10 16:00:15,147,577,2,average,0,car,28.5,77.15
2016-11-10 16:27:13,136,577,2,low,0,bike,28.5,77.15
2016-11-11 08:00:17,39,577,2,low,0,car,28.5,77.15
2016-11-11 08:27:19,42,577,2,low,0,car,28.5,77.15
2016-11-11 09:00:19,63,577,3,low,0,car,28.5,77.15
2016-11-11 09:27:16,82,577,3,low,0,car,28.5,77.15
2016-11-11 10:00:16,122,577,3,low,0,car,28.5,77.15
2016-11-11 10:27:18,147,577,3,low,0,car,28.5,77.15
2016-11-11 11:00:18,169,577,7,average,0,truck,28.5,77.15
2016-11-11 11:27:18,191,577,6,average,0,car,28.5,77.15
2016-11-11 12:00:21,188,577,7,average,0,car,28.5,77.15
2016-11-11 12:27:21,178,577,9,high,0,car,28.5,77.15
2016-11-11 13:00:19,164,577,6,average,0,car,28.5,77.15
2016-11-11 13:34:21,166,577,8,high,0,car,28.5,77.15
2016-11-11 14:00:21,170,577,4,average,0,car,28.5,77.15
2016-11-11 14:27:18,161,577,4,average,0,car,28.5,77.15
2016-11-11 15:00:21,162,577,3,low,0,car,28.5,77.15
2016-11-11 15:34:20,142,577,2,low,0,bike,28.5,77.15
2016-11-11 16:00:21,138,577,2,average,0,car,28.5,77.15
2016-11-11 16:34:18,124,577,3,average,0,bike,28.5,77.15
2016-11-12 08:00:26,33,577,1,low,0,car,28.5,77.15
2016-11-12 08:27:25,37,577,2,low,0,car,28.5,77.15
2016-11-12 09:00:26,50,577,1,low,0,bike,28.5,77.15
2016-11-12 09:27:26,73,577,3,average,0,cycle,28.5,77.15
2016-11-12 10:00:25,124,577,4,low,0,car,28.5,77.15
2016-11-12 10:27:27,159,577,3,low,0,car,28.5,77.15
2016-11-12 11:00:27,212,577,6,average,0,car,28.5,77.15
2016-11-12 11:34:23,251,577,6,average,0,cycle,28.5,77.15
2016-11-12 12:00:27,291,577,7,average,0,car,28.5,77.15
2016-11-12 12:27:23,306,577,10,high,0,car,28.5,77.15
2016-11-12 13:00:28,321,577,9,high,0,car,28.5,77.15
2016-11-12 13:27:27,341,577,10,high,0,car,28.5,77.15
2016-11-12 14:00:26,383,577,6,average,0,car,28.5,77.15
2016-11-12 14:27:28,416,577,6,average,0,bike,28.5,77.15
2016-11-12 15:00:28,449,577,4,low,0,truck,28.5,77.15
2016-11-12 15:27:27,442,577,3,low,0,car,28.5,77.15
2016-11-12 16:00:24,418,577,3,average,0,car,28.5,77.15
2016-11-12 16:34:28,356,577,3,low,0,bike,28.5,77.15
2016-11-13 08:00:29,23,577,1,low,1,car,28.5,77.15
2016-11-13 08:27:31,24,577,3,average,1,cycle,28.5,77.15
2016-11-13 09:00:32,27,577,2,low,1,car,28.5,77.15
2016-11-13 09:34:15,28,577,2,low,1,truck,28.5,77.15
2016-11-13 10:00:31,32,577,4,low,1,car,28.5,77.15
2016-11-13 10:33:32,46,577,5,average,1,cycle,28.5,77.15
2016-11-13 11:00:32,69,577,7,average,1,cycle,28.5,77.15
2016-11-13 11:27:32,95,577,11,high,1,car,28.5,77.15
2016-11-13 12:00:34,128,577,12,high,1,bike,28.5,77.15
2016-11-13 12:27:31,154,577,13,high,1,cycle,28.5,77.15
2016-11-13 13:07:31,191,577,13,high,1,car,28.5,77.15
2016-11-13 13:33:34,204,577,12,high,1,car,28.5,77.15
2016-11-13 14:00:35,220,577,7,average,1,bike,28.5,77.15
2016-11-13 14:27:35,233,577,7,average,1,truck,28.5,77.15
2016-11-13 15:00:35,220,577,5,low,1,bike,28.5,77.15
2016-11-13 15:27:35,205,577,4,low,1,truck,28.5,77.15
2016-11-13 16:00:32,170,577,4,average,1,car,28.5,77.15
2016-11-13 16:27:34,133,577,4,low,1,car,28.5,77.15
2016-11-14 08:00:37,31,577,1,low,0,car,28.5,77.15
2016-11-14 08:33:40,36,577,1,low,0,car,28.5,77.15
2016-11-14 09:00:38,42,577,1,low,0,truck,28.5,77.15
2016-11-14 09:27:40,61,577,2,low,0,bike,28.5,77.15
2016-11-14 10:00:37,85,577,3,low,0,truck,28.5,77.15
2016-11-14 10:27:38,99,577,4,low,0,car,28.5,77.15
2016-11-14 11:00:39,129,577,5,average,0,car,28.5,77.15
2016-11-14 11:27:40,135,577,9,high,0,car,28.5,77.15
2016-11-14 12:00:37,158,577,9,high,0,car,28.5,77.15
2016-11-14 12:27:39,154,577,6,average,0,bike,28.5,77.15
2016-11-14 13:00:38,163,577,8,high,0,car,28.5,77.15
2016-11-14 13:27:41,152,577,9,high,0,car,28.5,77.15
2016-11-14 14:00:38,143,577,5,average,0,car,28.5,77.15
2016-11-14 14:33:40,126,577,5,average,0,car,28.5,77.15
2016-11-14 15:00:38,121,577,3,low,0,car,28.5,77.15
2016-11-14 15:27:42,113,577,3,low,0,car,28.5,77.15
2016-11-14 16:00:39,103,577,2,low,0,bike,28.5,77.15
2016-11-14 16:27:39,89,577,2,low,0,bike,28.5,77.15
2016-11-15 07:57:43,32,577,2,low,0,cycle,28.5,77.15
2016-11-15 08:30:47,38,577,1,low,0,car,28.5,77.15
2016-11-15 08:57:45,47,577,1,low,0,bike,28.5,77.15
2016-11-15 09:30:46,79,577,3,low,0,truck,28.5,77.15
2016-11-15 09:57:44,113,577,3,low,0,car,28.5,77.15
2016-11-15 10:30:47,171,577,5,average,0,car,28.5,77.15
2016-11-15 11:03:48,209,577,6,average,0,car,28.5,77.15
2016-11-15 11:30:46,226,577,7,average,0,bike,28.5,77.15
2016-11-15 11:57:47,227,577,6,average,0,car,28.5,77.15
2016-11-15 12:30:45,222,577,10,high,0,car,28.5,77.15
2016-11-15 12:57:48,230,577,10,high,0,car,28.5,77.15
2016-11-15 13:30:48,233,577,6,average,0,car,28.5,77.15
2016-11-15 14:03:46,248,577,5,average,0,truck,28.5,77.15
2016-11-15 14:30:48,216,577,4,average,0,car,28.5,77.15
2016-11-15 15:03:48,170,577,3,low,0,car,28.5,77.15
2016-11-15 15:30:49,158,577,4,average,0,car,28.5,77.15
2016-11-15 15:57:49,136,577,3,low,0,car,28.5,77.15
2016-11-15 16:30:46,114,577,3,low,0,bike,28.5,77.15
2016-11-16 08:00:51,38,577,2,low,0,car,28.5,77.15
2016-11-16 08:27:50,40,577,3,average,0,cycle,28.5,77.15
2016-11-16 09:00:51,54,577,1,low,0,car,28.5,77.15
2016-11-16 09:27:53,64,577,2,low,0,car,28.5,77.15
2016-11-16 10:00:54,99,577,3,low,0,bike,28.5,77.15
2016-11-16 10:33:53,129,577,4,average,0,truck,28.5,77.15
2016-11-16 11:00:51,149,577,6,average,0,truck,28.5,77.15
2016-11-16 11:27:51,163,577,6,average,0,car,28.5,77.15
2016-11-16 12:00:54,174,577,9,high,0,car,28.5,77.15
2016-11-16 12:27:54,172,577,9,high,0,car,28.5,77.15
2016-11-16 13:00:54,176,577,8,high,0,bike,28.5,77.15
2016-11-16 13:27:55,187,577,6,average,0,car,28.5,77.15
2016-11-16 14:00:55,182,577,4,average,0,bike,28.5,77.15
2016-11-16 14:27:52,181,577,4,average,0,car,28.5,77.15
2016-11-16 15:00:55,159,577,2,low,0,bike,28.5,77.15
2016-11-16 15:33:56,145,577,3,low,0,car,28.5,77.15
2016-11-16 16:00:57,140,577,2,low,0,truck,28.5,77.15
2016-11-16 16:33:57,125,577,3,low,0,bike,28.5,77.15
2016-11-17 08:04:02,34,577,2,low,0,car,28.5,77.15
2016-11-17 08:31:01,38,577,2,low,0,truck,28.5,77.15
2016-11-17 09:03:57,51,577,2,low,0,car,28.5,77.15
2016-11-17 09:31:01,69,577,3,low,0,car,28.5,77.15
2016-11-17 09:57:02,108,577,2,low,0,car,28.5,77.15
2016-11-17 10:31:02,146,577,7,high,0,car,28.5,77.15
2016-11-17 11:04:02,182,577,7,average,0,bike,28.5,77.15
2016-11-17 11:31:02,186,577,9,high,0,bike,28.5,77.15
2016-11-17 12:04:02,209,577,10,high,0,car,28.5,77.15
2016-11-17 12:31:03,210,577,7,average,0,car,28.5,77.15
2016-11-17 13:04:03,214,577,9,high,0,car,28.5,77.15
2016-11-17 13:31:03,212,577,10,high,0,car,28.5,77.15
2016-11-17 14:04:03,193,577,5,average,0,car,28.5,77.15
2016-11-17 14:30:59,175,577,6,average,0,car,28.5,77.15
2016-11-17 14:58:03,150,577,5,average,0,truck,28.5,77.15
2016-11-17 15:30:59,136,577,2,low,0,car,28.5,77.15
2016-11-17 15:58:03,130,577,3,low,0,car,28.5,77.15
2016-11-17 16:31:04,114,577,3,low,0,car,28.5,77.15
2016-11-18 08:01:05,35,577,2,low,0,car,28.5,77.15
2016-11-18 08:01:05,35,577,1,low,0,truck,28.5,77.15
2016-11-18 08:27:05,37,577,1,low,0,bike,28.5,77.15
2016-11-18 09:27:07,73,577,2,low,0,bike,28.5,77.15
2016-11-18 10:01:06,117,577,3,low,0,car,28.5,77.15
2016-11-18 10:27:05,157,577,4,low,0,car,28.5,77.15
2016-11-18 11:01:06,194,577,6,average,0,car,28.5,77.15
2016-11-18 11:34:08,197,577,6,average,0,car,28.5,77.15
2016-11-18 12:01:06,205,577,10,high,0,cycle,28.5,77.15
2016-11-18 12:27:09,193,577,10,high,0,car,28.5,77.15
2016-11-18 13:01:10,201,577,9,high,0,car,28.5,77.15
2016-11-18 13:34:10,217,577,9,high,0,car,28.5,77.15
2016-11-18 14:01:10,213,577,5,average,0,car,28.5,77.15
2016-11-18 14:28:08,196,577,5,average,0,truck,28.5,77.15
2016-11-18 15:01:07,168,577,3,low,0,cycle,28.5,77.15
2016-11-18 15:28:08,164,577,2,low,0,car,28.5,77.15
2016-11-18 16:01:10,154,577,2,low,0,car,28.5,77.15
2016-11-18 16:28:10,140,577,2,low,0,car,28.5,77.15
2016-11-19 07:57:12,29,577,2,low,1,car,28.5,77.15
2016-11-19 08:31:12,34,577,2,low,1,bike,28.5,77.15
2016-11-19 08:57:12,51,577,2,low,1,bike,28.5,77.15
2016-11-19 09:31:13,102,577,4,low,1,car,28.5,77.15
2016-11-19 10:04:14,152,577,6,average,1,car,28.5,77.15
2016-11-19 10:31:15,196,577,7,average,1,bike,28.5,77.15
2016-11-19 10:58:15,235,577,10,high,1,bike,28.5,77.15
2016-11-19 11:31:15,269,577,9,average,1,truck,28.5,77.15
2016-11-19 12:04:16,293,577,15,high,1,cycle,28.5,77.15
2016-11-19 12:31:16,340,577,15,high,1,truck,28.5,77.15
2016-11-19 13:04:16,400,577,14,high,1,car,28.5,77.15
2016-11-19 13:31:17,429,577,14,high,1,car,28.5,77.15
2016-11-19 14:04:17,492,577,8,average,1,bike,28.5,77.15
2016-11-19 14:31:17,473,577,8,average,1,cycle,28.5,77.15
2016-11-19 15:04:16,482,577,6,average,1,car,28.5,77.15
2016-11-19 15:31:17,489,577,5,low,1,car,28.5,77.15
2016-11-19 16:04:17,452,577,5,low,1,car,28.5,77.15
2016-11-19 16:31:15,431,577,4,low,1,bike,28.5,77.15
2016-11-20 08:01:19,20,577,2,low,1,car,28.5,77.15
2016-11-20 08:27:22,22,577,2,low,1,car,28.5,77.15
2016-11-20 09:01:19,21,577,3,low,1,car,28.5,77.15
2016-11-20 09:27:19,24,577,3,average,1,car,28.5,77.15
2016-11-20 10:01:20,28,577,4,low,1,car,28.5,77.15
2016-11-20 10:27:22,44,577,3,low,1,car,28.5,77.15
2016-11-20 11:01:22,95,577,8,average,1,cycle,28.5,77.15
2016-11-20 11:27:22,128,577,8,average,1,car,28.5,77.15
2016-11-20 12:01:20,163,577,13,high,1,cycle,28.5,77.15
2016-11-20 12:34:23,194,577,14,high,1,car,28.5,77.15
2016-11-20 13:07:23,246,577,13,high,1,car,28.5,77.15
2016-11-20 13:27:23,268,577,14,high,1,cycle,28.5,77.15
2016-11-20 14:01:22,307,577,8,average,1,car,28.5,77.15
2016-11-20 14:27:22,309,577,7,average,1,bike,28.5,77.15
2016-11-20 15:01:23,290,577,4,low,1,car,28.5,77.15
2016-11-20 15:27:24,276,577,5,low,1,truck,28.5,77.15
2016-11-20 16:01:22,231,577,4,low,1,cycle,28.5,77.15
2016-11-20 16:31:21,180,577,3,low,1,truck,28.5,77.15
2016-11-21 08:04:26,26,577,1,low,0,car,28.5,77.15
2016-11-21 08:31:30,32,577,1,low,0,bike,28.5,77.15
2016-11-21 09:04:26,39,577,1,low,0,cycle,28.5,77.15
2016-11-21 09:31:26,54,577,2,low,0,car,28.5,77.15
2016-11-21 10:04:29,78,577,3,low,0,car,28.5,77.15
2016-11-21 10:31:26,92,577,4,average,0,car,28.5,77.15
2016-11-21 11:04:29,99,577,5,average,0,cycle,28.5,77.15
2016-11-21 11:30:28,115,577,6,average,0,cycle,28.5,77.15
2016-11-21 11:57:30,122,577,6,average,0,car,28.5,77.15
2016-11-21 12:31:29,136,577,9,high,0,bike,28.5,77.15
2016-11-21 12:57:27,146,577,10,high,0,bike,28.5,77.15
2016-11-21 13:31:30,147,577,8,high,0,bike,28.5,77.15
2016-11-21 14:04:30,138,577,4,average,0,car,28.5,77.15
2016-11-21 14:31:30,119,577,5,average,0,truck,28.5,77.15
2016-11-21 14:57:31,111,577,6,high,0,car,28.5,77.15
2016-11-21 15:31:28,98,577,3,low,0,truck,28.5,77.15
2016-11-21 15:57:30,93,577,3,average,0,car,28.5,77.15
2016-11-21 16:31:30,83,577,3,average,0,car,28.5,77.15
2016-11-22 07:57:33,24,577,2,average,0,bike,28.5,77.15
2016-11-22 08:31:33,32,577,3,low,0,car,28.5,77.15
2016-11-22 09:04:34,45,577,2,low,0,truck,28.5,77.15
2016-11-22 09:31:35,66,577,2,low,0,car,28.5,77.15
2016-11-22 10:04:34,116,577,3,low,0,car,28.5,77.15
2016-11-22 10:31:37,154,577,4,average,0,car,28.5,77.15
2016-11-22 11:04:34,188,577,6,average,0,bike,28.5,77.15
2016-11-22 11:31:35,209,577,7,average,0,car,28.5,77.15
2016-11-22 12:04:36,228,577,11,high,0,car,28.5,77.15
2016-11-22 12:31:37,232,577,10,high,0,car,28.5,77.15
2016-11-22 12:57:35,234,577,10,high,0,car,28.5,77.15
2016-11-22 13:31:38,234,577,9,high,0,car,28.5,77.15
2016-11-22 13:57:38,227,577,6,average,0,cycle,28.5,77.15
2016-11-22 14:31:37,205,577,5,average,0,car,28.5,77.15
2016-11-22 14:57:38,175,577,5,average,0,bike,28.5,77.15
2016-11-22 15:31:37,160,577,2,low,0,car,28.5,77.15
2016-11-22 15:57:37,137,577,4,average,0,car,28.5,77.15
2016-11-22 16:30:38,122,577,3,low,0,car,28.5,77.15
2016-11-23 08:04:40,28,577,1,low,0,car,28.5,77.15
2016-11-23 08:30:41,29,577,1,low,0,car,28.5,77.15
2016-11-23 08:57:42,34,577,2,low,0,bike,28.5,77.15
2016-11-23 09:31:23,47,577,2,low,0,car,28.5,77.15
2016-11-23 10:04:40,72,577,3,low,0,bike,28.5,77.15
2016-11-23 10:31:36,100,577,5,average,0,car,28.5,77.15
2016-11-23 11:04:42,128,577,6,average,0,bike,28.5,77.15
2016-11-23 11:31:44,152,577,6,average,0,bike,28.5,77.15
2016-11-23 11:57:41,166,577,5,average,0,car,28.5,77.15
2016-11-23 12:31:44,177,577,6,average,0,cycle,28.5,77.15
2016-11-23 13:04:45,187,577,6,average,0,car,28.5,77.15
2016-11-23 13:31:41,181,577,9,high,0,car,28.5,77.15
2016-11-23 13:57:41,177,577,6,average,0,cycle,28.5,77.15
2016-11-23 14:30:43,150,577,5,average,0,car,28.5,77.15
2016-11-23 15:04:43,126,577,3,low,0,cycle,28.5,77.15
2016-11-23 15:31:42,119,577,3,low,0,bike,28.5,77.15
2016-11-23 16:04:46,102,577,4,average,0,car,28.5,77.15
2016-11-23 16:30:42,92,577,2,low,0,cycle,28.5,77.15
2016-11-24 08:00:47,32,577,1,low,0,car,28.5,77.15
2016-11-24 08:27:47,34,577,2,low,0,cycle,28.5,77.15
2016-11-24 09:00:48,52,577,3,average,0,bike,28.5,77.15
2016-11-24 09:34:49,81,577,3,low,0,car,28.5,77.15
2016-11-24 10:01:47,110,577,4,low,0,car,28.5,77.15
2016-11-24 10:27:47,131,577,3,low,0,bike,28.5,77.15
2016-11-24 11:00:49,167,577,6,average,0,car,28.5,77.15
2016-11-24 11:27:51,187,577,7,average,0,bike,28.5,77.15
2016-11-24 12:00:50,200,577,7,average,0,car,28.5,77.15
2016-11-24 12:30:48,211,577,10,high,0,car,28.5,77.15
2016-11-24 13:04:50,230,577,9,high,0,car,28.5,77.15
2016-11-24 13:30:51,219,577,9,high,0,car,28.5,77.15
2016-11-24 13:57:51,214,577,7,average,0,car,28.5,77.15
2016-11-24 14:30:52,194,577,5,average,0,truck,28.5,77.15
2016-11-24 14:57:51,176,577,5,average,0,car,28.5,77.15
2016-11-24 15:31:49,157,577,3,low,0,truck,28.5,77.15
2016-11-24 15:57:49,147,577,3,low,0,cycle,28.5,77.15
2016-11-24 16:31:53,134,577,2,low,0,car,28.5,77.15
2016-11-25 08:00:57,44,577,2,low,0,car,28.5,77.15
2016-11-25 08:00:57,44,577,2,average,0,car,28.5,77.15
2016-11-25 09:00:56,60,577,2,low,0,car,28.5,77.15
2016-11-25 09:27:55,106,577,3,low,0,car,28.5,77.15
2016-11-25 10:00:56,222,577,4,low,0,cycle,28.5,77.15
2016-11-25 10:27:56,283,577,4,low,0,bike,28.5,77.15
2016-11-25 11:00:55,331,577,6,average,0,car,28.5,77.15
2016-11-25 11:27:55,370,577,7,average,0,car,28.5,77.15
2016-11-25 12:00:56,380,577,11,high,0,truck,28.5,77.15
2016-11-25 12:34:55,390,577,12,high,0,car,28.5,77.15
2016-11-25 13:00:58,386,577,10,high,0,truck,28.5,77.15
2016-11-25 13:27:56,384,577,10,high,0,car,28.5,77.15
2016-11-25 14:00:58,357,577,8,high,0,bike,28.5,77.15
2016-11-25 14:34:59,355,577,6,average,0,bike,28.5,77.15
2016-11-25 15:00:56,341,577,3,low,0,car,28.5,77.15
2016-11-25 15:27:59,333,577,4,average,0,car,28.5,77.15
2016-11-25 16:00:59,264,577,3,average,0,cycle,28.5,77.15
2016-11-25 16:27:58,248,577,3,low,0,car,28.5,77.15
2016-11-26 08:01:01,39,577,1,low,0,truck,28.5,77.15
2016-11-26 08:28:01,41,577,2,low,0,car,28.5,77.15
2016-11-26 09:01:01,59,577,3,low,0,car,28.5,77.15
2016-11-26 09:35:02,111,577,2,low,0,car,28.5,77.15
2016-11-26 10:01:04,160,577,4,low,0,bike,28.5,77.15
2016-11-26 10:35:03,195,577,5,average,0,car,28.5,77.15
2016-11-26 11:01:03,247,577,7,average,0,car,28.5,77.15
2016-11-26 11:28:02,298,577,6,average,0,cycle,28.5,77.15
2016-11-26 12:01:04,368,577,11,high,0,car,28.5,77.15
2016-11-26 12:28:02,428,577,11,high,0,car,28.5,77.15
2016-11-26 13:01:03,489,577,11,high,0,car,28.5,77.15
2016-11-26 13:28:04,508,577,10,high,0,car,28.5,77.15
2016-11-26 14:01:02,551,577,8,high,0,bike,28.5,77.15
2016-11-26 14:41:04,573,577,7,average,0,car,28.5,77.15
2016-11-26 15:01:02,567,577,3,low,0,car,28.5,77.15
2016-11-26 15:28:04,551,577,3,low,0,car,28.5,77.15
2016-11-26 16:01:04,543,577,3,low,0,bike,28.5,77.15
2016-11-26 16:28:05,501,577,3,average,0,car,28.5,77.15
2016-11-27 08:02:24,22,577,1,low,1,car,28.5,77.15
2016-11-27 08:32:19,22,577,2,low,1,bike,28.5,77.15
2016-11-27 09:02:19,23,577,3,low,1,bike,28.5,77.15
2016-11-27 09:32:21,24,577,2,low,1,car,28.5,77.15
2016-11-27 10:01:19,35,577,3,low,1,car,28.5,77.15
2016-11-27 10:32:24,65,577,6,average,1,car,28.5,77.15
2016-11-27 11:01:24,98,577,8,average,1,car,28.5,77.15
2016-11-27 11:31:20,147,577,8,average,1,car,28.5,77.15
2016-11-27 12:01:25,177,577,14,high,1,car,28.5,77.15
2016-11-27 12:32:25,223,577,9,average,1,bike,28.5,77.15
2016-11-27 13:08:25,259,577,12,high,1,car,28.5,77.15
2016-11-27 13:32:24,291,577,13,high,1,bike,28.5,77.15
2016-11-27 14:02:23,304,577,7,average,1,car,28.5,77.15
2016-11-27 14:31:20,300,577,11,high,1,cycle,28.5,77.15
2016-11-27 15:01:22,292,577,4,low,1,bike,28.5,77.15
2016-11-27 15:32:23,283,577,5,low,1,car,28.5,77.15
2016-11-27 16:01:23,240,577,3,low,1,bike,28.5,77.15
2016-11-27 16:32:24,199,577,4,low,1,car,28.5,77.15
2016-11-28 08:01:27,20,577,1,low,0,cycle,28.5,77.15
2016-11-28 08:32:24,28,577,2,low,0,car,28.5,77.15
2016-11-28 09:02:28,33,577,2,low,0,car,28.5,77.15
2016-11-28 09:28:24,51,577,2,low,0,cycle,28.5,77.15
2016-11-28 10:01:29,82,577,3,low,0,bike,28.5,77.15
2016-11-28 10:32:29,112,577,5,average,0,car,28.5,77.15
2016-11-28 11:01:30,147,577,6,average,0,car,28.5,77.15
2016-11-28 11:32:28,187,577,7,average,0,car,28.5,77.15
2016-11-28 12:01:27,205,577,10,high,0,car,28.5,77.15
2016-11-28 12:28:29,217,577,10,high,0,car,28.5,77.15
2016-11-28 13:02:26,224,577,9,high,0,cycle,28.5,77.15
2016-11-28 13:31:29,224,577,10,high,0,car,28.5,77.15
2016-11-28 14:02:29,209,577,5,average,0,truck,28.5,77.15
2016-11-28 14:32:29,199,577,6,average,0,car,28.5,77.15
2016-11-28 15:02:29,171,577,3,low,0,car,28.5,77.15
2016-11-28 15:41:28,150,577,2,low,0,car,28.5,77.15
2016-11-28 16:02:30,131,577,2,low,0,car,28.5,77.15
2016-11-28 16:28:27,133,577,2,low,0,car,28.5,77.15
2016-11-29 07:55:29,20,577,2,low,0,car,28.5,77.15
2016-11-29 08:28:33,24,577,1,low,0,truck,28.5,77.15
2016-11-29 09:02:35,38,577,2,low,0,bike,28.5,77.15
2016-11-29 09:28:32,53,577,1,low,0,cycle,28.5,77.15
2016-11-29 10:01:30,90,577,4,average,0,car,28.5,77.15
2016-11-29 10:28:34,132,577,3,average,0,car,28.5,77.15
2016-11-29 11:01:36,165,577,5,average,0,bike,28.5,77.15
2016-11-29 11:28:34,188,577,6,average,0,bike,28.5,77.15
2016-11-29 11:55:30,192,577,7,average,0,cycle,28.5,77.15
2016-11-29 12:28:36,206,577,10,high,0,bike,28.5,77.15
2016-11-29 13:02:35,208,577,8,high,0,car,28.5,77.15
2016-11-29 13:28:30,206,577,9,high,0,car,28.5,77.15
2016-11-29 14:01:32,180,577,5,average,0,car,28.5,77.15
2016-11-29 14:28:36,169,577,4,average,0,car,28.5,77.15
2016-11-29 14:55:34,152,577,5,average,0,cycle,28.5,77.15
2016-11-29 15:28:35,138,577,3,low,0,bike,28.5,77.15
2016-11-29 16:02:35,128,577,2,low,0,car,28.5,77.15
2016-11-29 16:28:34,114,577,2,low,0,truck,28.5,77.15
2016-11-30 08:02:35,17,577,1,low,0,car,28.5,77.15
2016-11-30 08:28:35,24,577,0,low,0,cycle,28.5,77.15
2016-11-30 09:01:35,35,577,2,low,0,car,28.5,77.15
2016-11-30 09:28:40,49,577,2,average,0,car,28.5,77.15
2016-11-30 10:01:40,81,577,3,low,0,car,28.5,77.15
2016-11-30 10:28:38,107,577,4,average,0,car,28.5,77.15
2016-11-30 10:55:36,134,577,7,high,0,car,28.5,77.15
2016-11-30 11:28:40,159,577,6,average,0,car,28.5,77.15
2016-11-30 12:01:36,182,577,9,high,0,cycle,28.5,77.15
2016-11-30 12:28:37,189,577,10,high,0,bike,28.5,77.15
2016-11-30 13:01:39,204,577,9,high,0,bike,28.5,77.15
2016-11-30 13:28:41,201,577,9,high,0,car,28.5,77.15
2016-11-30 14:01:36,196,577,5,average,0,car,28.5,77.15
2016-11-30 14:28:40,181,577,4,average,0,car,28.5,77.15
2016-11-30 15:01:39,154,577,3,low,0,cycle,28.5,77.15
2016-11-30 15:28:40,132,577,3,low,0,truck,28.5,77.15
2016-11-30 16:01:39,114,577,3,low,0,truck,28.5,77.15
2016-11-30 16:28:40,106,577,2,low,0,car,28.5,77.15
2016-12-01 08:05:40,22,577,2,average,0,truck,28.5,77.15
2016-12-01 08:25:46,22,577,1,low,0,car,28.5,77.15
2016-12-01 08:58:41,31,577,3,average,0,truck,28.5,77.15
2016-12-01 09:25:44,47,577,2,low,0,cycle,28.5,77.15
2016-12-01 09:58:41,94,577,3,low,0,car,28.5,77.15
2016-12-01 10:25:43,127,577,3,low,0,bike,28.5,77.15
2016-12-01 10:58:45,153,577,5,average,0,bike,28.5,77.15
2016-12-01 11:32:41,174,577,6,average,0,bike,28.5,77.15
2016-12-01 11:58:45,196,577,6,average,0,car,28.5,77.15
2016-12-01 12:25:45,191,577,9,high,0,car,28.5,77.15
2016-12-01 12:58:47,207,577,10,high,0,car,28.5,77.15
2016-12-01 13:25:45,203,577,6,average,0,bike,28.5,77.15
2016-12-01 13:58:48,190,577,6,average,0,car,28.5,77.15
2016-12-01 14:25:46,173,577,4,average,0,car,28.5,77.15
2016-12-01 14:58:46,168,577,5,average,0,car,28.5,77.15
2016-12-01 15:25:42,153,577,4,low,0,car,28.5,77.15
2016-12-01 15:58:47,123,577,4,average,0,bike,28.5,77.15
2016-12-01 16:25:44,108,577,2,low,0,car,28.5,77.15
2016-12-02 07:55:49,18,577,1,low,0,truck,28.5,77.15
2016-12-02 08:28:48,24,577,2,average,0,bike,28.5,77.15
2016-12-02 09:01:49,40,577,2,low,0,car,28.5,77.15
2016-12-02 09:28:50,58,577,2,low,0,car,28.5,77.15
2016-12-02 10:02:52,91,577,3,low,0,car,28.5,77.15
2016-12-02 10:28:53,122,577,3,low,0,cycle,28.5,77.15
2016-12-02 11:01:53,155,577,6,average,0,bike,28.5,77.15
2016-12-02 11:28:49,181,577,6,average,0,cycle,28.5,77.15
2016-12-02 12:01:51,197,577,9,high,0,car,28.5,77.15
2016-12-02 12:28:52,196,577,10,high,0,car,28.5,77.15
2016-12-02 12:58:51,200,577,9,high,0,bike,28.5,77.15
2016-12-02 13:25:52,203,577,8,high,0,truck,28.5,77.15
2016-12-02 13:58:53,196,577,6,average,0,car,28.5,77.15
2016-12-02 14:25:50,186,577,5,average,0,bike,28.5,77.15
2016-12-02 14:58:50,175,577,5,average,0,car,28.5,77.15
2016-12-02 15:31:52,149,577,3,low,0,car,28.5,77.15
2016-12-02 15:58:52,131,577,3,low,0,cycle,28.5,77.15
2016-12-02 16:32:54,105,577,2,low,0,bike,28.5,77.15
2016-12-05 08:02:03,11,577,1,low,0,car,28.5,77.15
2016-12-05 08:29:08,14,577,2,low,0,car,28.5,77.15
2016-12-05 09:02:08,26,577,2,low,0,car,28.5,77.15
2016-12-05 09:29:08,39,577,1,low,0,car,28.5,77.15
2016-12-05 10:03:04,63,577,4,low,0,cycle,28.5,77.15
2016-12-05 10:29:08,87,577,4,low,0,bike,28.5,77.15
2016-12-05 11:02:06,113,577,5,average,0,car,28.5,77.15
2016-12-05 11:29:09,126,577,6,average,0,bike,28.5,77.15
2016-12-05 11:56:10,148,577,6,average,0,cycle,28.5,77.15
2016-12-05 12:29:10,161,577,7,average,0,car,28.5,77.15
2016-12-05 13:02:08,172,577,8,high,0,truck,28.5,77.15
2016-12-05 13:29:09,177,577,8,high,0,car,28.5,77.15
2016-12-05 14:02:11,170,577,5,average,0,car,28.5,77.15
2016-12-05 14:29:08,165,577,5,average,0,bike,28.5,77.15
2016-12-05 15:02:10,149,577,3,low,0,truck,28.5,77.15
2016-12-05 15:29:11,142,577,3,low,0,bike,28.5,77.15
2016-12-05 16:02:11,106,577,2,low,0,truck,28.5,77.15
2016-12-05 16:29:05,95,577,1,low,0,truck,28.5,77.15
2016-12-06 07:56:10,11,577,1,low,0,car,28.5,77.15
2016-12-06 08:29:11,11,577,0,low,0,truck,28.5,77.15
2016-12-06 08:56:10,22,577,1,low,0,car,28.5,77.15
2016-12-06 09:29:14,39,577,1,low,0,bike,28.5,77.15
2016-12-06 10:02:12,83,577,3,average,0,car,28.5,77.15
2016-12-06 10:29:11,120,577,4,low,0,car,28.5,77.15
2016-12-06 11:02:16,194,577,9,high,0,cycle,28.5,77.15
2016-12-06 11:29:14,220,577,6,average,0,car,28.5,77.15
2016-12-06 11:56:16,226,577,6,average,0,truck,28.5,77.15
2016-12-06 12:29:11,240,577,10,high,0,bike,28.5,77.15
2016-12-06 12:56:16,238,577,10,high,0,car,28.5,77.15
2016-12-06 13:29:16,229,577,8,high,0,truck,28.5,77.15
2016-12-06 14:02:16,208,577,5,average,0,truck,28.5,77.15
2016-12-06 14:29:14,199,577,5,average,0,truck,28.5,77.15
2016-12-06 15:02:17,178,577,3,average,0,car,28.5,77.15
2016-12-06 15:29:17,150,577,3,low,0,truck,28.5,77.15
2016-12-06 16:02:16,128,577,3,low,0,car,28.5,77.15
2016-12-06 16:29:16,111,577,2,low,0,bike,28.5,77.15
2016-12-07 07:59:16,11,577,1,low,0,car,28.5,77.15
2016-12-07 08:26:20,15,577,1,low,0,car,28.5,77.15
2016-12-07 08:55:20,20,577,1,low,0,bike,28.5,77.15
2016-12-07 09:26:22,34,577,3,average,0,car,28.5,77.15
2016-12-07 09:59:20,68,577,2,low,0,car,28.5,77.15
2016-12-07 10:26:21,97,577,4,low,0,bike,28.5,77.15
2016-12-07 10:59:20,136,577,5,average,0,car,28.5,77.15
2016-12-07 11:25:22,150,577,8,high,0,car,28.5,77.15
2016-12-07 11:59:20,177,577,6,average,0,car,28.5,77.15
2016-12-07 12:26:21,172,577,9,high,0,cycle,28.5,77.15
2016-12-07 12:59:22,178,577,9,high,0,cycle,28.5,77.15
2016-12-07 13:26:23,183,577,9,high,0,car,28.5,77.15
2016-12-07 13:59:22,174,577,6,average,0,truck,28.5,77.15
2016-12-07 14:26:23,157,577,5,average,0,bike,28.5,77.15
2016-12-07 14:59:22,137,577,5,average,0,car,28.5,77.15
2016-12-07 15:32:22,125,577,3,low,0,bike,28.5,77.15
2016-12-07 15:59:23,115,577,3,low,0,car,28.5,77.15
2016-12-07 16:32:23,103,577,1,low,0,car,28.5,77.15
2016-12-08 07:59:25,14,577,1,low,0,car,28.5,77.15
2016-12-08 08:26:27,17,577,1,low,0,cycle,28.5,77.15
2016-12-08 08:59:24,26,577,2,low,0,car,28.5,77.15
2016-12-08 09:26:27,44,577,1,low,0,cycle,28.5,77.15
2016-12-08 09:59:28,82,577,3,low,0,car,28.5,77.15
2016-12-08 10:32:22,124,577,4,average,0,car,28.5,77.15
2016-12-08 10:59:25,159,577,7,high,0,bike,28.5,77.15
2016-12-08 11:32:28,186,577,6,average,0,bike,28.5,77.15
2016-12-08 11:59:28,209,577,7,average,0,car,28.5,77.15
2016-12-08 12:25:24,219,577,9,high,0,truck,28.5,77.15
2016-12-08 12:59:24,223,577,10,high,0,truck,28.5,77.15
2016-12-08 13:25:28,216,577,10,high,0,cycle,28.5,77.15
2016-12-08 13:59:28,215,577,6,average,0,car,28.5,77.15
2016-12-08 14:26:29,196,577,5,average,0,car,28.5,77.15
2016-12-08 14:59:29,169,577,5,average,0,car,28.5,77.15
2016-12-08 15:26:23,148,577,3,low,0,car,28.5,77.15
2016-12-08 15:59:27,138,577,3,low,0,truck,28.5,77.15
2016-12-08 16:32:27,105,577,2,low,0,truck,28.5,77.15
2016-12-09 08:02:30,12,577,2,low,0,car,28.5,77.15
2016-12-09 08:29:28,19,577,2,average,0,car,28.5,77.15
2016-12-09 08:55:33,27,577,2,average,0,car,28.5,77.15
2016-12-09 09:29:31,58,577,3,low,0,bike,28.5,77.15
2016-12-09 09:55:30,89,577,3,low,0,car,28.5,77.15
2016-12-09 10:29:29,133,577,4,low,0,car,28.5,77.15
2016-12-09 10:56:33,161,577,5,average,0,car,28.5,77.15
2016-12-09 11:29:33,190,577,6,average,0,bike,28.5,77.15
2016-12-09 11:56:32,205,577,7,average,0,bike,28.5,77.15
2016-12-09 12:29:31,203,577,9,high,0,truck,28.5,77.15
2016-12-09 13:02:32,210,577,9,high,0,bike,28.5,77.15
2016-12-09 13:29:31,209,577,9,high,0,car,28.5,77.15
2016-12-09 14:02:34,217,577,5,average,0,bike,28.5,77.15
2016-12-09 14:29:33,217,577,5,average,0,cycle,28.5,77.15
2016-12-09 14:56:31,200,577,5,average,0,cycle,28.5,77.15
2016-12-09 15:29:34,162,577,4,average,0,bike,28.5,77.15
2016-12-09 16:02:32,157,577,3,low,0,car,28.5,77.15
2016-12-09 16:29:30,136,577,2,low,0,bike,28.5,77.15
2016-12-10 07:59:34,7,577,1,average,0,truck,28.5,77.15
2016-12-10 08:29:33,14,577,2,average,0,car,28.5,77.15
2016-12-10 09:02:35,45,577,3,low,0,car,28.5,77.15
2016-12-10 09:29:38,84,577,2,low,0,car,28.5,77.15
2016-12-10 09:55:38,124,577,3,low,0,car,28.5,77.15
2016-12-10 10:29:38,165,577,4,low,0,car,28.5,77.15
2016-12-10 11:02:39,201,577,6,average,0,bike,28.5,77.15
2016-12-10 11:29:39,244,577,7,average,0,car,28.5,77.15
2016-12-10 12:02:38,294,577,10,high,0,car,28.5,77.15
2016-12-10 12:29:40,344,577,11,high,0,truck,28.5,77.15
2016-12-10 12:55:40,383,577,11,high,0,car,28.5,77.15
2016-12-10 13:29:39,408,577,10,high,0,car,28.5,77.15
2016-12-10 13:56:35,455,577,7,average,0,car,28.5,77.15
2016-12-10 14:25:37,467,577,5,average,0,car,28.5,77.15
2016-12-10 15:02:39,476,577,4,low,0,car,28.5,77.15
2016-12-10 15:25:39,458,577,3,low,0,bike,28.5,77.15
2016-12-10 15:59:39,453,577,3,low,0,car,28.5,77.15
2016-12-10 16:25:40,420,577,3,average,0,bike,28.5,77.15
2016-12-11 08:02:39,3,577,0,low,1,car,28.5,77.15
2016-12-11 08:25:43,2,577,0,low,1,car,28.5,77.15
2016-12-11 08:59:45,3,577,2,low,1,bike,28.5,77.15
2016-12-11 09:26:44,5,577,2,low,1,cycle,28.5,77.15
2016-12-11 09:59:44,11,577,2,low,1,cycle,28.5,77.15
2016-12-11 10:25:42,35,577,5,low,1,truck,28.5,77.15
2016-12-11 10:59:45,82,577,6,average,1,car,28.5,77.15
2016-12-11 11:26:10,117,577,8,average,1,car,28.5,77.15
2016-12-11 11:59:45,162,577,7,average,1,car,28.5,77.15
2016-12-11 12:32:41,204,577,15,high,1,car,28.5,77.15
2016-12-11 13:05:46,257,577,12,high,1,car,28.5,77.15
2016-12-11 13:26:45,288,577,9,average,1,car,28.5,77.15
2016-12-11 13:59:44,314,577,10,average,1,car,28.5,77.15
2016-12-11 14:32:44,324,577,9,average,1,car,28.5,77.15
2016-12-11 14:59:43,325,577,8,average,1,bike,28.5,77.15
2016-12-11 15:25:45,324,577,5,low,1,car,28.5,77.15
2016-12-11 15:59:46,285,577,5,low,1,car,28.5,77.15
2016-12-11 16:25:46,255,577,4,low,1,bike,28.5,77.15
2016-12-12 08:02:45,7,577,1,low,0,car,28.5,77.15
2016-12-12 08:29:50,11,577,1,low,0,cycle,28.5,77.15
2016-12-12 09:02:45,23,577,2,low,0,bike,28.5,77.15
2016-12-12 09:29:48,40,577,2,low,0,car,28.5,77.15
2016-12-12 10:02:49,75,577,3,low,0,cycle,28.5,77.15
2016-12-12 10:29:50,99,577,3,low,0,car,28.5,77.15
2016-12-12 11:02:50,142,577,5,average,0,car,28.5,77.15
2016-12-12 11:29:51,157,577,6,average,0,cycle,28.5,77.15
2016-12-12 11:55:49,157,577,6,average,0,truck,28.5,77.15
2016-12-12 12:29:50,167,577,9,high,0,bike,28.5,77.15
2016-12-12 12:56:46,181,577,10,high,0,car,28.5,77.15
2016-12-12 13:29:50,189,577,9,high,0,car,28.5,77.15
2016-12-12 14:02:50,184,577,7,high,0,bike,28.5,77.15
2016-12-12 14:29:49,165,577,4,average,0,cycle,28.5,77.15
2016-12-12 14:55:51,159,577,4,average,0,car,28.5,77.15
2016-12-12 15:29:47,131,577,3,low,0,truck,28.5,77.15
2016-12-12 15:56:51,115,577,2,low,0,bike,28.5,77.15
2016-12-12 16:29:51,95,577,2,low,0,car,28.5,77.15
2016-12-13 08:02:51,14,577,1,low,0,car,28.5,77.15
2016-12-13 08:29:53,20,577,1,low,0,car,28.5,77.15
2016-12-13 09:02:55,33,577,2,low,0,car,28.5,77.15
2016-12-13 09:29:54,59,577,2,low,0,car,28.5,77.15
2016-12-13 09:55:56,91,577,2,low,0,car,28.5,77.15
2016-12-13 10:29:54,132,577,5,average,0,car,28.5,77.15
2016-12-13 11:02:54,175,577,5,average,0,car,28.5,77.15
2016-12-13 11:29:55,185,577,6,average,0,bike,28.5,77.15
2016-12-13 12:02:55,209,577,10,high,0,car,28.5,77.15
2016-12-13 12:29:55,216,577,10,high,0,truck,28.5,77.15
2016-12-13 13:02:55,227,577,9,high,0,car,28.5,77.15
2016-12-13 13:55:56,210,577,7,average,0,truck,28.5,77.15
2016-12-13 14:29:57,181,577,5,average,0,car,28.5,77.15
2016-12-13 14:56:52,159,577,4,average,0,car,28.5,77.15
2016-12-13 15:28:52,129,577,3,low,0,car,28.5,77.15
2016-12-13 16:02:56,103,577,2,low,0,car,28.5,77.15
2016-12-13 16:29:56,88,577,2,low,0,cycle,28.5,77.15
2016-12-14 08:03:01,14,577,1,average,0,car,28.5,77.15
2016-12-14 08:43:00,18,577,1,low,0,car,28.5,77.15
2016-12-14 09:03:01,22,577,1,low,0,bike,28.5,77.15
2016-12-14 09:29:57,42,577,1,low,0,car,28.5,77.15
2016-12-14 10:02:59,80,577,5,average,0,car,28.5,77.15
2016-12-14 10:30:01,103,577,4,average,0,truck,28.5,77.15
2016-12-14 11:30:01,149,577,6,average,0,cycle,28.5,77.15
2016-12-14 12:02:58,170,577,9,high,0,bike,28.5,77.15
2016-12-14 12:30:00,177,577,10,high,0,car,28.5,77.15
2016-12-14 13:03:02,200,577,9,high,0,bike,28.5,77.15
2016-12-14 13:29:57,206,577,9,high,0,car,28.5,77.15
2016-12-14 14:03:00,198,577,7,high,0,car,28.5,77.15
2016-12-14 14:30:01,173,577,5,average,0,bike,28.5,77.15
2016-12-14 14:56:03,161,577,4,average,0,car,28.5,77.15
2016-12-14 15:30:00,142,577,4,low,0,car,28.5,77.15
2016-12-14 15:56:02,145,577,2,low,0,car,28.5,77.15
2016-12-14 16:30:00,134,577,3,average,0,truck,28.5,77.15
2016-12-15 07:57:02,14,577,1,low,0,car,28.5,77.15
2016-12-15 08:30:06,19,577,1,low,0,car,28.5,77.15
2016-12-15 09:03:06,31,577,2,low,0,car,28.5,77.15
2016-12-15 09:30:04,63,577,2,low,0,car,28.5,77.15
2016-12-15 09:57:02,100,577,3,low,0,truck,28.5,77.15
2016-12-15 10:30:07,137,577,4,average,0,car,28.5,77.15
2016-12-15 11:03:05,169,577,6,average,0,car,28.5,77.15
2016-12-15 11:26:03,185,577,10,high,0,car,28.5,77.15
2016-12-15 12:00:02,215,577,10,high,0,bike,28.5,77.15
2016-12-15 12:26:03,228,577,6,average,0,car,28.5,77.15
2016-12-15 13:00:07,219,577,9,high,0,bike,28.5,77.15
2016-12-15 13:26:08,207,577,10,high,0,car,28.5,77.15
2016-12-15 14:00:06,203,577,5,average,0,car,28.5,77.15
2016-12-15 14:26:06,183,577,6,average,0,truck,28.5,77.15
2016-12-15 15:00:07,164,577,4,low,0,car,28.5,77.15
2016-12-15 15:26:03,148,577,2,low,0,car,28.5,77.15
2016-12-15 16:03:03,140,577,2,low,0,car,28.5,77.15
2016-12-15 16:30:07,130,577,3,low,0,car,28.5,77.15
2016-12-16 07:59:09,11,577,1,low,0,truck,28.5,77.15
2016-12-16 08:30:12,19,577,1,low,0,car,28.5,77.15
2016-12-16 09:03:07,35,577,2,low,0,car,28.5,77.15
2016-12-16 09:30:12,68,577,2,low,0,bike,28.5,77.15
2016-12-16 10:03:09,104,577,3,low,0,car,28.5,77.15
2016-12-16 10:29:08,130,577,3,low,0,car,28.5,77.15
2016-12-16 11:03:08,153,577,8,high,0,car,28.5,77.15
2016-12-16 11:30:10,166,577,6,average,0,cycle,28.5,77.15
2016-12-16 11:56:10,176,577,6,average,0,car,28.5,77.15
2016-12-16 12:30:11,179,577,9,high,0,cycle,28.5,77.15
2016-12-16 12:56:12,172,577,10,high,0,car,28.5,77.15
2016-12-16 13:30:12,185,577,9,high,0,truck,28.5,77.15
2016-12-16 13:56:11,182,577,5,average,0,car,28.5,77.15
2016-12-16 14:30:10,190,577,7,high,0,bike,28.5,77.15
2016-12-16 14:56:11,187,577,5,average,0,car,28.5,77.15
2016-12-16 15:30:10,193,577,2,low,0,car,28.5,77.15
2016-12-16 16:03:11,168,577,3,low,0,car,28.5,77.15
2016-12-16 16:30:12,137,577,2,low,0,truck,28.5,77.15
2016-12-17 07:59:15,17,577,1,low,0,cycle,28.5,77.15
2016-12-17 08:26:15,26,577,1,low,0,car,28.5,77.15
2016-12-17 09:00:13,51,577,2,low,0,car,28.5,77.15
2016-12-17 09:26:17,82,577,3,average,0,car,28.5,77.15
2016-12-17 09:59:17,129,577,3,low,0,bike,28.5,77.15
2016-12-17 10:33:17,171,577,4,average,0,car,28.5,77.15
2016-12-17 11:00:17,215,577,6,average,0,car,28.5,77.15
2016-12-17 11:33:16,263,577,6,average,0,car,28.5,77.15
2016-12-17 12:00:17,304,577,10,high,0,bike,28.5,77.15
2016-12-17 12:26:17,337,577,10,high,0,car,28.5,77.15
2016-12-17 13:00:18,353,577,9,high,0,bike,28.5,77.15
2016-12-17 13:27:17,378,577,10,high,0,car,28.5,77.15
2016-12-17 14:00:17,417,577,6,average,0,bike,28.5,77.15
2016-12-17 14:30:19,440,577,8,high,0,car,28.5,77.15
2016-12-17 15:03:18,443,577,3,low,0,car,28.5,77.15
2016-12-17 15:30:19,415,577,4,average,0,car,28.5,77.15
2016-12-17 15:57:15,379,577,5,average,0,bike,28.5,77.15
2016-12-17 16:30:16,356,577,3,low,0,car,28.5,77.15
2016-12-18 08:03:24,4,577,2,low,1,car,28.5,77.15
2016-12-18 08:30:20,4,577,1,low,1,car,28.5,77.15
2016-12-18 08:56:20,6,577,1,low,1,truck,28.5,77.15
2016-12-18 09:30:21,8,577,1,low,1,cycle,28.5,77.15
2016-12-18 09:56:24,18,577,2,low,1,car,28.5,77.15
2016-12-18 10:30:23,44,577,7,high,1,cycle,28.5,77.15
2016-12-18 11:03:25,89,577,8,average,1,car,28.5,77.15
2016-12-18 11:30:22,135,577,9,average,1,bike,28.5,77.15
2016-12-18 12:03:23,165,577,13,high,1,car,28.5,77.15
2016-12-18 12:30:25,193,577,9,average,1,car,28.5,77.15
2016-12-18 12:56:26,215,577,13,high,1,car,28.5,77.15
2016-12-18 13:30:26,258,577,9,average,1,car,28.5,77.15
2016-12-18 14:03:26,309,577,7,average,1,car,28.5,77.15
2016-12-18 14:30:27,310,577,6,average,1,car,28.5,77.15
2016-12-18 14:56:25,303,577,8,average,1,cycle,28.5,77.15
2016-12-18 15:30:24,293,577,6,low,1,car,28.5,77.15
2016-12-18 16:03:27,247,577,4,low,1,bike,28.5,77.15
2016-12-18 16:30:25,206,577,4,low,1,car,28.5,77.15
2016-12-19 08:03:29,11,577,1,low,0,car,28.5,77.15
2016-12-19 08:30:28,17,577,1,low,0,car,28.5,77.15
2016-12-19 09:03:33,24,577,2,low,0,cycle,28.5,77.15
2016-12-19 09:30:30,40,577,2,average,0,car,28.5,77.15
2016-12-19 09:56:32,57,577,2,low,0,truck,28.5,77.15
2016-12-19 10:30:33,97,577,4,average,0,car,28.5,77.15
2016-12-19 11:03:31,134,577,5,average,0,car,28.5,77.15
2016-12-19 11:30:30,175,577,7,average,0,car,28.5,77.15
2016-12-19 12:03:32,216,577,10,high,0,bike,28.5,77.15
2016-12-19 12:30:32,249,577,10,high,0,car,28.5,77.15
2016-12-19 13:03:30,277,577,10,high,0,car,28.5,77.15
2016-12-19 13:30:35,291,577,9,high,0,bike,28.5,77.15
2016-12-19 14:03:31,305,577,5,average,0,bike,28.5,77.15
2016-12-19 14:30:33,309,577,5,average,0,bike,28.5,77.15
2016-12-19 15:03:34,300,577,4,low,0,car,28.5,77.15
2016-12-19 15:29:33,274,577,3,low,0,truck,28.5,77.15
2016-12-19 16:03:35,230,577,2,low,0,cycle,28.5,77.15
2016-12-19 16:30:35,193,577,3,low,0,car,28.5,77.15
